week_start_date,region,store_id,store_name,city,store_format,product_category,footfall,transactions,units_sold,gross_sales,discount_amount,net_sales,sales_target,inventory_on_hand,stockouts,returns_amount,customer_rating,marketing_spend
2026-05-01 00:00:00,North,ST-001,Delhi Retail Hub,Delhi,High Street,Grocery,2315,648,972,18195.84,2001.54,15830.38,20743.26,736,0,363.92,5.0,1628
2026-05-01 00:00:00,North,ST-001,Delhi Retail Hub,Delhi,High Street,Apparel,2243,561,1683,74220.3,5937.62,56926.97,79415.72,239,1,11355.71,3.5,1927
2026-05-01 00:00:00,North,ST-001,Delhi Retail Hub,Delhi,High Street,Electronics,802,209,418,93046.8,4652.34,79601.53,93046.8,271,2,8792.93,3.9,2226
2026-05-01 00:00:00,North,ST-001,Delhi Retail Hub,Delhi,High Street,Home,1625,569,569,39573.95,7914.79,29680.46,36803.77,745,3,1978.7,4.3,2525
2026-05-01 00:00:00,North,ST-001,Delhi Retail Hub,Delhi,High Street,Beauty,2016,444,1110,33566.4,5706.29,26853.12,38937.02,248,4,1006.99,4.7,2824
2026-05-01 00:00:00,North,ST-001,Delhi Retail Hub,Delhi,High Street,Sports,1007,272,408,24459.6,3424.34,20790.66,26660.96,501,5,244.6,3.2,3123
2026-05-01 00:00:00,North,ST-002,Jaipur Retail Hub,Jaipur,Neighborhood,Grocery,2719,789,789,14344.02,2008.16,11331.78,14774.34,195,5,1004.08,5.0,1875
2026-05-01 00:00:00,North,ST-002,Jaipur Retail Hub,Jaipur,Neighborhood,Apparel,1166,303,758,32472.72,3572.0,26140.53,31173.81,448,6,2760.19,3.5,2174
2026-05-01 00:00:00,North,ST-002,Jaipur Retail Hub,Jaipur,Neighborhood,Electronics,1012,273,410,88683,7094.64,77996.7,78927.87,386,7,3591.66,3.5,2473
2026-05-01 00:00:00,North,ST-002,Jaipur Retail Hub,Jaipur,Neighborhood,Home,1948,351,1053,71182.8,3559.14,66911.83,79724.74,204,0,711.83,4.3,2772
2026-05-01 00:00:00,North,ST-002,Jaipur Retail Hub,Jaipur,Neighborhood,Beauty,939,216,432,12700.8,2540.16,9144.58,13335.84,457,1,1016.06,4.7,3071
2026-05-01 00:00:00,North,ST-002,Jaipur Retail Hub,Jaipur,Neighborhood,Sports,1330,372,372,21687.6,3686.89,16699.45,21253.85,710,2,1301.26,3.2,3370
2026-05-01 00:00:00,North,ST-003,Lucknow Retail Hub,Lucknow,Outlet,Grocery,1372,412,1236,21803.04,3706.52,17442.43,20058.8,404,2,654.09,5.0,2122
2026-05-01 00:00:00,North,ST-003,Lucknow Retail Hub,Lucknow,Outlet,Apparel,1489,402,804,33430.32,4680.24,28181.77,38444.87,657,3,568.31,3.5,2421
2026-05-01 00:00:00,North,ST-003,Lucknow Retail Hub,Lucknow,Outlet,Electronics,1222,342,342,71820,7900.2,56163.24,77565.6,88,8,7756.56,3.5,2720
2026-05-01 00:00:00,North,ST-003,Lucknow Retail Hub,Lucknow,Outlet,Home,2271,431,1078,70770.7,5661.66,60862.8,71478.41,413,5,4246.24,4.3,3019
2026-05-01 00:00:00,North,ST-003,Lucknow Retail Hub,Lucknow,Outlet,Beauty,1262,303,454,12966.24,648.31,11799.28,12188.27,666,6,518.65,4.7,3318
2026-05-01 00:00:00,North,ST-003,Lucknow Retail Hub,Lucknow,Outlet,Sports,1653,479,1437,81406.05,16281.21,,95245.08,169,11,1628.12,2.8,3617
2026-05-01 00:00:00,North,ST-004,Chandigarh Retail Hub,Chandigarh,Mall,Grocery,1776,551,1378,23563.8,4712.76,16965.94,26155.82,613,7,1885.1,4.6,2369
2026-05-01 00:00:00,North,ST-004,Chandigarh Retail Hub,Chandigarh,Mall,Apparel,1812,507,760,30643.2,5209.34,22308.26,31868.93,866,0,3125.6,3.5,2668
2026-05-01 00:00:00,North,ST-004,Chandigarh Retail Hub,Chandigarh,Mall,Electronics,1432,415,1245,253606.5,35504.91,204406.84,245998.3,203,1,13694.75,3.9,2967
2026-05-01 00:00:00,North,ST-004,Chandigarh Retail Hub,Chandigarh,Mall,Home,1194,239,478,30448.6,3349.35,26490.28,27403.74,622,2,608.97,4.3,3266
2026-05-01 00:00:00,North,ST-004,Chandigarh Retail Hub,Chandigarh,Mall,Beauty,1585,396,396,10977.12,878.17,9111.01,12404.15,125,7,987.94,4.3,3565
2026-05-01 00:00:00,North,ST-004,Chandigarh Retail Hub,Chandigarh,Mall,Sports,1976,593,1482,81510,4075.5,71728.8,86400.6,378,4,5705.7,3.2,3864
2026-05-01 00:00:00,South,ST-005,Bengaluru Retail Hub,Bengaluru,High Street,Grocery,2180,698,1396,23117.76,1155.89,21037.16,23117.76,822,4,924.71,5.0,2616
2026-05-01 00:00:00,South,ST-005,Bengaluru Retail Hub,Bengaluru,High Street,Apparel,2135,619,619,24178.14,4835.63,18520.46,22485.67,325,5,822.05,3.5,2915
2026-05-01 00:00:00,South,ST-005,Bengaluru Retail Hub,Bengaluru,High Street,Electronics,732,220,550,108570,18456.9,76921.84,125941.2,318,6,13191.26,3.9,3214
2026-05-01 00:00:00,South,ST-005,Bengaluru Retail Hub,Bengaluru,High Street,Home,1517,319,478,29516.5,4132.31,23318.03,32172.98,831,7,2066.16,3.9,3513
2026-05-01 00:00:00,South,ST-005,Bengaluru Retail Hub,Bengaluru,High Street,Beauty,1908,496,1488,39997.44,4399.72,33597.85,40797.39,334,0,1999.87,4.7,3812
2026-05-01 00:00:00,South,ST-005,Bengaluru Retail Hub,Bengaluru,High Street,Sports,2299,713,1426,76077.1,6086.17,67708.62,72273.24,587,1,2282.31,3.2,4111
2026-05-01 00:00:00,South,ST-006,Chennai Retail Hub,Chennai,Neighborhood,Grocery,2584,853,1280,25574.4,2045.95,21226.75,22761.22,281,1,2301.7,5.0,2863
2026-05-01 00:00:00,South,ST-006,Chennai Retail Hub,Chennai,Neighborhood,Apparel,1058,317,951,44735.04,2236.75,37174.83,50103.24,534,2,5323.46,3.5,3162
2026-05-01 00:00:00,South,ST-006,Chennai Retail Hub,Chennai,Neighborhood,Electronics,942,292,584,138583.2,27716.64,101512.19,145512.36,433,3,9354.37,3.9,3461
2026-05-01 00:00:00,South,ST-006,Chennai Retail Hub,Chennai,Neighborhood,Home,1840,405,405,24219,4117.23,19375.2,23734.62,290,4,726.57,4.3,3760
2026-05-01 00:00:00,South,ST-006,Chennai Retail Hub,Chennai,Neighborhood,Beauty,2231,602,1505,39190.2,5486.63,33311.67,35663.08,543,5,391.9,4.7,4059
2026-05-01 00:00:00,South,ST-006,Chennai Retail Hub,Chennai,Neighborhood,Sports,1222,391,586,30296.2,3332.58,24539.92,34537.67,796,6,2423.7,3.2,4358
2026-05-01 00:00:00,South,ST-007,Hyderabad Retail Hub,Hyderabad,Outlet,Grocery,1238,421,421,8184.24,900.27,6874.76,8838.98,490,6,409.21,5.0,3110
2026-05-01 00:00:00,South,ST-007,Hyderabad Retail Hub,Hyderabad,Outlet,Apparel,1381,428,1070,48984.6,3918.77,42567.61,49474.45,743,7,2498.22,3.1,3409
2026-05-01 00:00:00,South,ST-007,Hyderabad Retail Hub,Hyderabad,Outlet,Electronics,1152,161,242,55902,2795.1,52352.22,52547.88,135,0,754.68,3.9,3708
2026-05-01 00:00:00,South,ST-007,Hyderabad Retail Hub,Hyderabad,Outlet,Home,2163,497,1491,107575.65,21515.13,77454.47,125863.51,499,1,8606.05,4.3,4007
2026-05-01 00:00:00,South,ST-007,Hyderabad Retail Hub,Hyderabad,Outlet,Beauty,1154,323,646,20258.56,3443.96,15599.09,22284.42,752,2,1215.51,4.7,4306
2026-05-01 00:00:00,South,ST-007,Hyderabad Retail Hub,Hyderabad,Outlet,Sports,1545,510,510,31696.5,4437.51,25991.13,32647.4,255,3,1267.86,3.2,4605
2026-05-01 00:00:00,South,ST-008,Kochi Retail Hub,Kochi,Mall,Grocery,1641,574,1722,32545.8,4556.41,27663.93,31569.43,699,3,325.46,5.0,3357
2026-05-01 00:00:00,South,ST-008,Kochi Retail Hub,Kochi,Mall,Apparel,1704,545,1090,48526.8,5337.95,36589.21,43674.12,202,4,6599.64,3.5,3656
2026-05-01 00:00:00,South,ST-008,Kochi Retail Hub,Kochi,Mall,Electronics,1362,204,204,45838.8,3667.1,38458.75,51797.84,250,5,3712.95,3.9,3955
2026-05-01 00:00:00,South,ST-008,Kochi Retail Hub,Kochi,Mall,Home,1086,261,652,45770.4,2288.52,41651.06,48516.62,708,6,1830.82,4.3,4254
2026-05-01 00:00:00,South,ST-008,Kochi Retail Hub,Kochi,Mall,Beauty,1477,428,642,19593.84,3918.77,15283.19,19397.9,211,7,391.88,4.3,4553
2026-05-01 00:00:00,South,ST-008,Kochi Retail Hub,Kochi,Mall,Sports,1868,635,1905,115252.5,19592.93,85286.85,106032.3,464,0,10372.72,3.2,4852
2026-05-01 00:00:00,East,ST-009,Kolkata Retail Hub,Kolkata,High Street,Grocery,2045,736,1840,33782.4,5743.01,26012.45,39187.58,158,4,2026.94,5.0,3604
2026-05-01 00:00:00,East,ST-009,Kolkata Retail Hub,Kolkata,High Street,Apparel,2027,669,1004,43433.04,6080.63,34398.97,47342.01,411,1,2953.44,3.5,3903
2026-05-01 00:00:00,East,ST-009,Kolkata Retail Hub,Kolkata,High Street,Electronics,662,106,318,69451.2,7639.63,59936.39,70840.22,365,2,1875.18,3.9,4202
2026-05-01 00:00:00,East,ST-009,Kolkata Retail Hub,Kolkata,High Street,Home,1409,352,704,48048,3843.84,39879.84,45645.6,167,7,4324.32,3.9,4501
2026-05-01 00:00:00,East,ST-009,Kolkata Retail Hub,Kolkata,High Street,Beauty,1800,540,540,16027.2,801.36,14103.94,14103.94,420,4,1121.9,4.7,4800
2026-05-01 00:00:00,East,ST-009,Kolkata Retail Hub,Kolkata,High Street,Sports,2191,767,1918,112874.3,22574.86,84655.72,125290.47,673,5,5643.72,3.2,5099
2026-05-01 00:00:00,East,ST-010,Bhubaneswar Retail Hub,Bhubaneswar,Neighborhood,Grocery,2449,906,1812,32289.84,6457.97,25186.07,33904.33,367,5,645.8,5.0,3851
2026-05-01 00:00:00,East,ST-010,Bhubaneswar Retail Hub,Bhubaneswar,Neighborhood,Apparel,950,323,323,13566,2306.22,9184.18,13294.68,620,6,2075.6,3.5,4150
2026-05-01 00:00:00,East,ST-010,Bhubaneswar Retail Hub,Bhubaneswar,Neighborhood,Electronics,872,148,370,78477,10986.78,60074.14,71414.07,68,7,7416.08,3.5,4449
2026-05-01 00:00:00,East,ST-010,Bhubaneswar Retail Hub,Bhubaneswar,Neighborhood,Home,1732,450,675,44752.5,4922.77,37592.11,51017.85,376,0,2237.62,4.3,4748
2026-05-01 00:00:00,East,ST-010,Bhubaneswar Retail Hub,Bhubaneswar,Neighborhood,Beauty,2123,658,1974,56930.16,4554.41,50667.85,60915.27,629,1,1707.9,4.7,5047
2026-05-01 00:00:00,East,ST-010,Bhubaneswar Retail Hub,Bhubaneswar,Neighborhood,Sports,1114,201,402,22994.4,1149.72,21614.74,22994.4,132,2,229.94,3.2,5346
2026-05-01 00:00:00,East,ST-011,Guwahati Retail Hub,Guwahati,Outlet,Grocery,2852,1084,1626,28097.28,1404.86,24725.61,26411.44,576,2,1966.81,5.0,4098
2026-05-01 00:00:00,East,ST-011,Guwahati Retail Hub,Guwahati,Outlet,Apparel,1273,446,1338,54510.12,10902.02,38974.73,63776.84,829,3,4633.37,3.5,4397
2026-05-01 00:00:00,East,ST-011,Guwahati Retail Hub,Guwahati,Outlet,Electronics,1082,195,390,80262,13644.54,63366.85,88288.2,183,4,3250.61,3.9,4696
2026-05-01 00:00:00,East,ST-011,Guwahati Retail Hub,Guwahati,Outlet,Home,2055,555,555,35714.25,5000.0,30357.11,36785.68,585,5,357.14,4.3,4995
2026-05-01 00:00:00,East,ST-011,Guwahati Retail Hub,Guwahati,Outlet,Beauty,1046,335,838,23464,2581.04,19005.84,22525.44,838,6,1877.12,4.7,5294
2026-05-01 00:00:00,East,ST-011,Guwahati Retail Hub,Guwahati,Outlet,Sports,1437,273,410,22775.5,1822.04,19586.93,20270.2,341,7,1366.53,2.8,5593
2026-05-01 00:00:00,East,ST-012,Patna Retail Hub,Patna,Mall,Grocery,1506,587,587,9826.38,786.11,8745.48,11103.81,785,7,294.79,4.6,4345
2026-05-01 00:00:00,East,ST-012,Patna Retail Hub,Patna,Mall,Apparel,1596,287,718,28346.64,1417.33,26447.41,30047.44,288,0,481.9,3.5,4644
2026-05-01 00:00:00,East,ST-012,Patna Retail Hub,Patna,Mall,Electronics,1292,245,368,73416,14683.2,50803.87,72681.84,298,1,7928.93,3.9,4943
2026-05-01 00:00:00,East,ST-012,Patna Retail Hub,Patna,Mall,Home,978,274,822,51292.8,8719.78,39495.45,47189.38,794,2,3077.57,4.3,5242
2026-05-01 00:00:00,East,ST-012,Patna Retail Hub,Patna,Mall,Beauty,1369,452,904,24552.64,3437.37,20133.16,28235.54,297,3,982.11,4.7,5541
2026-05-01 00:00:00,East,ST-012,Patna Retail Hub,Patna,Mall,Sports,1760,352,352,18972.8,2087.01,16506.33,20490.62,550,4,379.46,3.2,5840
2026-05-01 00:00:00,West,ST-013,Mumbai Retail Hub,Mumbai,High Street,Grocery,1910,764,2292,46206.72,5082.74,37427.44,47130.85,244,4,3696.54,5.0,4592
2026-05-01 00:00:00,West,ST-013,Mumbai Retail Hub,Mumbai,High Street,Apparel,1919,365,730,34645.8,2771.66,28340.26,32913.51,497,5,3533.88,3.5,4891
2026-05-01 00:00:00,West,ST-013,Mumbai Retail Hub,Mumbai,High Street,Electronics,592,118,118,22797.6,1139.88,20426.66,20061.89,413,6,1231.06,3.9,5190
2026-05-01 00:00:00,West,ST-013,Mumbai Retail Hub,Mumbai,High Street,Home,1301,377,942,56943.9,11388.78,44416.24,63207.73,253,7,1138.88,3.9,5489
2026-05-01 00:00:00,West,ST-013,Mumbai Retail Hub,Mumbai,High Street,Beauty,1692,575,862,22687.84,3856.93,16789.0,23595.35,506,0,2041.91,4.7,5788
2026-05-01 00:00:00,West,ST-013,Mumbai Retail Hub,Mumbai,High Street,Sports,2083,437,1311,68499.75,9589.96,54114.81,66444.76,759,1,4794.98,3.2,6087
2026-05-01 00:00:00,West,ST-014,Pune Retail Hub,Pune,Neighborhood,Grocery,2314,949,2372,46538.64,6515.41,38161.68,42350.16,453,1,1861.55,5.0,4839
2026-05-01 00:00:00,West,ST-014,Pune Retail Hub,Pune,Neighborhood,Apparel,2242,448,672,31046.4,3415.1,26575.72,35392.9,706,2,1055.58,3.5,5138
2026-05-01 00:00:00,West,ST-014,Pune Retail Hub,Pune,Neighborhood,Electronics,801,168,504,117482.4,9398.59,93809.69,125706.17,115,3,14274.12,3.9,5437
2026-05-01 00:00:00,West,ST-014,Pune Retail Hub,Pune,Neighborhood,Home,1624,487,974,70907.2,3545.36,62398.34,70907.2,462,4,4963.5,4.3,5736
2026-05-01 00:00:00,West,ST-014,Pune Retail Hub,Pune,Neighborhood,Beauty,2015,705,705,22306.2,4461.24,16729.65,20744.77,715,5,1115.31,4.7,6035
2026-05-01 00:00:00,West,ST-014,Pune Retail Hub,Pune,Neighborhood,Sports,1006,221,552,27931.2,4748.3,22344.96,32400.19,218,6,837.94,3.2,6334
2026-05-01 00:00:00,West,ST-015,Ahmedabad Retail Hub,Ahmedabad,Outlet,Grocery,2718,1142,2284,43578.72,7408.38,32248.26,47936.59,662,6,3922.08,5.0,5086
2026-05-01 00:00:00,West,ST-015,Ahmedabad Retail Hub,Ahmedabad,Outlet,Apparel,1165,245,245,11010.3,1541.44,8158.64,11340.61,165,7,1310.22,3.1,5385
2026-05-01 00:00:00,West,ST-015,Ahmedabad Retail Hub,Ahmedabad,Outlet,Electronics,1011,222,555,125874,13846.14,103531.36,120839.04,230,0,8496.5,5.8,5684
2026-05-01 00:00:00,West,ST-015,Ahmedabad Retail Hub,Ahmedabad,Outlet,Home,1947,604,906,64190.1,5135.21,57129.19,57129.19,671,1,1925.7,4.3,5983
2026-05-01 00:00:00,West,ST-015,Ahmedabad Retail Hub,Ahmedabad,Outlet,Beauty,938,169,507,15615.6,780.78,14678.66,17489.47,174,2,156.16,4.7,6282
2026-05-01 00:00:00,West,ST-015,Ahmedabad Retail Hub,Ahmedabad,Outlet,Sports,1329,306,612,37362.6,7472.52,26901.07,39230.73,427,3,2989.01,3.2,6581
2026-05-01 00:00:00,West,ST-016,Surat Retail Hub,Surat,Mall,Grocery,1371,590,885,16407.9,3281.58,12305.92,16243.82,121,7,820.4,4.6,5333
2026-05-01 00:00:00,West,ST-016,Surat Retail Hub,Surat,Mall,Apparel,1488,327,981,42850.08,7284.51,33380.22,39422.07,374,4,2185.35,3.5,5632
2026-05-01 00:00:00,West,ST-016,Surat Retail Hub,Surat,Mall,Electronics,1221,281,562,123921,17348.94,104899.13,142509.15,345,5,1672.93,3.9,5931
2026-05-01 00:00:00,West,ST-016,Surat Retail Hub,Surat,Mall,Home,2270,726,726,50021.4,5502.35,40517.34,54023.11,130,10,4001.71,3.9,6230
2026-05-01 00:00:00,West,ST-016,Surat Retail Hub,Surat,Mall,Beauty,1261,240,600,17976,1438.08,15459.36,18155.76,383,7,1078.56,4.3,6529
2026-05-01 00:00:00,West,ST-016,Surat Retail Hub,Surat,Mall,Sports,1652,396,594,35283.6,1764.18,32108.08,33166.58,636,0,1411.34,3.2,6828
2026-05-01 00:00:00,Central,ST-017,Bhopal Retail Hub,Bhopal,High Street,Grocery,1775,462,462,8316,415.8,7817.04,7318.08,330,0,83.16,5.0,5580
2026-05-01 00:00:00,Central,ST-017,Bhopal Retail Hub,Bhopal,High Street,Apparel,1811,417,1042,44201.64,8840.33,29349.89,49063.82,583,1,6011.42,3.5,5879
2026-05-01 00:00:00,Central,ST-017,Bhopal Retail Hub,Bhopal,High Street,Electronics,1431,343,514,110098.8,18716.8,82463.99,114502.75,460,2,8918.01,3.9,6178
2026-05-01 00:00:00,Central,ST-017,Bhopal Retail Hub,Bhopal,High Street,Home,1193,394,1182,79134.9,11078.89,64890.61,76760.85,339,3,3165.4,4.3,6477
2026-05-01 00:00:00,Central,ST-017,Bhopal Retail Hub,Bhopal,High Street,Beauty,1584,317,634,18462.08,2030.83,16062.01,16615.87,592,4,369.24,4.7,6776
2026-05-01 00:00:00,Central,ST-017,Bhopal Retail Hub,Bhopal,High Street,Sports,1975,494,494,28528.5,2282.28,23678.66,32237.2,845,5,2567.56,3.2,7075
2026-05-01 00:00:00,Central,ST-018,Indore Retail Hub,Indore,Neighborhood,Grocery,2179,588,1764,30799.44,2463.96,26487.51,32955.4,539,5,1847.97,5.0,5827
2026-05-01 00:00:00,Central,ST-018,Indore Retail Hub,Indore,Neighborhood,Apparel,2134,512,1024,42147.84,2107.39,37174.4,42147.84,792,6,2866.05,3.5,6126
2026-05-01 00:00:00,Central,ST-018,Indore Retail Hub,Indore,Neighborhood,Electronics,731,183,183,38045.7,7609.14,29409.33,35382.5,162,7,1027.23,3.5,6425
2026-05-01 00:00:00,Central,ST-018,Indore Retail Hub,Indore,Neighborhood,Home,1516,515,1288,83720,14232.4,61952.8,97115.2,548,0,7534.8,4.3,6724
2026-05-01 00:00:00,Central,ST-018,Indore Retail Hub,Indore,Neighborhood,Beauty,1907,400,600,16968,2375.52,13404.72,18495.12,801,1,1187.76,4.7,7023
2026-05-01 00:00:00,Central,ST-018,Indore Retail Hub,Indore,Neighborhood,Sports,2298,597,1791,100475.1,11052.26,84399.08,102484.6,304,2,5023.76,3.2,7322
2026-05-01 00:00:00,Central,ST-019,Nagpur Retail Hub,Nagpur,Outlet,Grocery,2582,723,1808,30591.36,3365.05,26614.48,29367.71,748,2,611.83,5.0,6074
2026-05-01 00:00:00,Central,ST-019,Nagpur Retail Hub,Nagpur,Outlet,Apparel,1057,264,396,15800.4,1264.03,12118.9,14062.36,251,3,2417.47,3.5,6373
2026-05-01 00:00:00,Central,ST-019,Nagpur Retail Hub,Nagpur,Outlet,Electronics,941,245,735,148176,7408.8,126764.57,165957.12,277,4,14002.63,3.9,6672
2026-05-01 00:00:00,Central,ST-019,Nagpur Retail Hub,Nagpur,Outlet,Home,1839,644,1288,81208.4,16241.68,60906.3,85268.82,757,5,4060.42,4.3,6971
2026-05-01 00:00:00,Central,ST-019,Nagpur Retail Hub,Nagpur,Outlet,Beauty,2230,491,491,13473.04,2290.42,10778.43,13203.58,260,6,404.19,4.7,7270
2026-05-01 00:00:00,Central,ST-019,Nagpur Retail Hub,Nagpur,Outlet,Sports,1221,330,825,44921.25,6288.98,38183.06,40878.34,513,7,449.21,2.8,1069
2026-05-01 00:00:00,Central,ST-020,Raipur Retail Hub,Raipur,Mall,Grocery,1236,358,716,14563.44,2038.88,11505.12,16747.96,207,7,1019.44,4.6,6321
2026-05-01 00:00:00,Central,ST-020,Raipur Retail Hub,Raipur,Mall,Apparel,1380,359,359,13871.76,1525.89,11166.77,14981.5,460,0,1179.1,3.5,6620
2026-05-01 00:00:00,Central,ST-020,Raipur Retail Hub,Raipur,Mall,Electronics,1151,311,778,151943.4,12155.47,133634.22,153462.83,392,1,6153.71,3.9,6919
2026-05-01 00:00:00,Central,ST-020,Raipur Retail Hub,Raipur,Mall,Home,2162,389,584,35682.4,1784.12,33541.46,33541.46,216,2,356.82,4.3,7218
2026-05-01 00:00:00,Central,ST-020,Raipur Retail Hub,Raipur,Mall,Beauty,1153,265,795,21147,4229.4,15225.84,24741.99,469,3,1691.76,4.7,1017
2026-05-01 00:00:00,Central,ST-020,Raipur Retail Hub,Raipur,Mall,Sports,1544,432,864,45619.2,7755.26,35126.79,50181.12,722,4,2737.15,3.2,1316
2026-12-01 00:00:00,North,ST-001,Delhi Retail Hub,Delhi,High Street,Grocery,1351,392,980,17110.8,2395.51,13517.53,15570.83,393,3,1197.76,4.9,2109
2026-12-01 00:00:00,North,ST-001,Delhi Retail Hub,Delhi,High Street,Apparel,1472,383,574,23625.84,2598.84,19018.81,26933.46,646,4,2008.19,3.4,2408
2026-12-01 00:00:00,North,ST-001,Delhi Retail Hub,Delhi,High Street,Electronics,1211,327,981,203949.9,16315.99,179373.93,218226.39,82,9,8259.98,3.4,2707
2026-12-01 00:00:00,North,ST-001,Delhi Retail Hub,Delhi,High Street,Home,2254,406,812,52780,2639.0,49613.2,52780.0,402,6,527.8,4.2,3006
2026-12-01 00:00:00,North,ST-001,Delhi Retail Hub,Delhi,High Street,Beauty,1245,286,286,8088.08,1617.62,5823.41,7521.91,655,7,647.05,4.2,3305
2026-12-01 00:00:00,North,ST-001,Delhi Retail Hub,Delhi,High Street,Sports,1636,458,1145,64234.5,10919.87,49460.56,74512.02,158,4,3854.07,5.0,3604
2026-12-01 00:00:00,North,ST-002,Jaipur Retail Hub,Jaipur,Neighborhood,Grocery,1755,526,1052,17799.84,3025.97,14239.87,19579.82,602,0,534.0,4.9,2356
2026-12-01 00:00:00,North,ST-002,Jaipur Retail Hub,Jaipur,Neighborhood,Apparel,1795,485,485,19351.5,2709.21,16313.31,19932.05,855,1,328.98,3.4,2655
2026-12-01 00:00:00,North,ST-002,Jaipur Retail Hub,Jaipur,Neighborhood,Electronics,1421,398,995,200592,22065.12,156862.94,192568.32,197,2,21663.94,3.8,2954
2026-12-01 00:00:00,North,ST-002,Jaipur Retail Hub,Jaipur,Neighborhood,Home,1177,224,336,21184.8,1694.78,18218.93,18854.47,611,3,1271.09,4.2,3253
2026-12-01 00:00:00,North,ST-002,Jaipur Retail Hub,Jaipur,Neighborhood,Beauty,1568,376,1128,30952.32,1547.62,28166.61,34666.6,864,4,1238.09,4.6,3552
2026-12-01 00:00:00,North,ST-002,Jaipur Retail Hub,Jaipur,Neighborhood,Sports,1959,568,1136,61855.2,12371.04,48247.06,64947.96,367,5,1237.1,5.0,3851
2026-12-01 00:00:00,North,ST-003,Lucknow Retail Hub,Lucknow,Outlet,Grocery,2159,669,1004,20421.36,4084.27,14703.38,20217.15,811,5,1633.71,4.9,2603
2026-12-01 00:00:00,North,ST-003,Lucknow Retail Hub,Lucknow,Outlet,Apparel,2118,593,1779,68740.56,11685.9,50043.13,63241.32,314,6,7011.53,3.4,2902
2026-12-01 00:00:00,North,ST-003,Lucknow Retail Hub,Lucknow,Outlet,Electronics,721,209,418,81635.4,11428.96,65798.12,93880.71,312,7,4408.32,3.4,3201
2026-12-01 00:00:00,North,ST-003,Lucknow Retail Hub,Lucknow,Outlet,Home,1500,300,300,18330,2016.3,15947.1,19796.4,820,0,366.6,4.2,3500
2026-12-01 00:00:00,North,ST-003,Lucknow Retail Hub,Lucknow,Outlet,Beauty,1891,473,1182,31441.2,2515.3,26096.19,31755.61,323,1,2829.71,4.6,3799
2026-12-01 00:00:00,North,ST-003,Lucknow Retail Hub,Lucknow,Outlet,Sports,2282,685,1028,54278.4,2713.92,47764.99,51021.7,576,2,3799.49,5.0,4098
2026-12-01 00:00:00,North,ST-004,Chandigarh Retail Hub,Chandigarh,Mall,Grocery,2562,820,820,16236,811.8,14774.76,14287.68,270,2,649.44,4.9,2850
2026-12-01 00:00:00,North,ST-004,Chandigarh Retail Hub,Chandigarh,Mall,Apparel,1041,302,755,35198.1,7039.62,26961.75,39069.89,523,3,1196.73,3.4,3149
2026-12-01 00:00:00,North,ST-004,Chandigarh Retail Hub,Chandigarh,Mall,Electronics,931,279,418,98313.6,16713.31,69655.19,102246.14,427,4,11945.1,3.8,3448
2026-12-01 00:00:00,North,ST-004,Chandigarh Retail Hub,Chandigarh,Mall,Home,1823,383,1149,84394.05,11815.17,66671.3,81862.23,279,5,5907.58,4.2,3747
2026-12-01 00:00:00,North,ST-004,Chandigarh Retail Hub,Chandigarh,Mall,Beauty,2214,576,1152,29675.52,3264.31,24927.43,26707.97,532,6,1483.78,4.6,4046
2026-12-01 00:00:00,North,ST-004,Chandigarh Retail Hub,Chandigarh,Mall,Sports,1205,374,374,19130.1,1530.41,17025.79,21617.01,785,-1,573.9,4.6,4345
2026-12-01 00:00:00,South,ST-005,Bengaluru Retail Hub,Bengaluru,High Street,Grocery,1216,401,1203,23169.78,1853.58,19230.92,24791.66,479,7,2085.28,4.5,3097
2026-12-01 00:00:00,South,ST-005,Bengaluru Retail Hub,Bengaluru,High Street,Apparel,1364,409,818,37104.48,1855.22,30833.83,37104.48,732,0,4415.43,3.4,3396
2026-12-01 00:00:00,South,ST-005,Bengaluru Retail Hub,Bengaluru,High Street,Electronics,1141,354,354,81030.6,16206.12,59354.91,75358.46,129,5,5469.57,3.8,3695
2026-12-01 00:00:00,South,ST-005,Bengaluru Retail Hub,Bengaluru,High Street,Home,2146,472,1180,84370,14342.9,67496.0,97869.2,488,2,2531.1,4.2,3994
2026-12-01 00:00:00,South,ST-005,Bengaluru Retail Hub,Bengaluru,High Street,Beauty,1137,307,460,14296.8,2001.55,12152.28,15583.51,741,3,142.97,4.6,4293
2026-12-01 00:00:00,South,ST-005,Bengaluru Retail Hub,Bengaluru,High Street,Sports,1528,489,1467,90367.2,9940.39,73197.43,92174.54,244,4,7229.38,5.0,4592
2026-12-01 00:00:00,South,ST-006,Chennai Retail Hub,Chennai,Neighborhood,Grocery,1620,551,1378,25796.16,2837.58,21668.77,24764.31,688,4,1289.81,4.9,3344
2026-12-01 00:00:00,South,ST-006,Chennai Retail Hub,Chennai,Neighborhood,Apparel,1687,523,784,34574.4,2765.95,30045.16,30771.22,191,5,1763.29,3.4,3643
2026-12-01 00:00:00,South,ST-006,Chennai Retail Hub,Chennai,Neighborhood,Electronics,1351,189,567,126214.2,6310.71,118199.6,141359.9,244,6,1703.89,3.8,3942
2026-12-01 00:00:00,South,ST-006,Chennai Retail Hub,Chennai,Neighborhood,Home,1069,246,492,34218.6,6843.72,24637.39,35929.53,697,7,2737.49,3.8,4241
2026-12-01 00:00:00,South,ST-006,Chennai Retail Hub,Chennai,Neighborhood,Beauty,1460,409,409,12368.16,2102.59,9523.48,12120.8,200,0,742.09,4.6,4540
2026-12-01 00:00:00,South,ST-006,Chennai Retail Hub,Chennai,Neighborhood,Sports,1851,611,1528,91603.6,12824.5,75114.96,83359.28,453,1,3664.14,5.0,4839
2026-12-01 00:00:00,South,ST-007,Hyderabad Retail Hub,Hyderabad,Outlet,Grocery,2024,708,1416,25742.88,3604.0,21881.45,29604.31,147,5,257.43,4.9,3591
2026-12-01 00:00:00,South,ST-007,Hyderabad Retail Hub,Hyderabad,Outlet,Apparel,2010,643,643,27546.12,3030.07,20769.78,29749.81,400,2,3746.27,3.4,3890
2026-12-01 00:00:00,South,ST-007,Hyderabad Retail Hub,Hyderabad,Outlet,Electronics,651,98,245,52993.5,4239.48,44461.55,53523.44,359,3,4292.47,3.8,4189
2026-12-01 00:00:00,South,ST-007,Hyderabad Retail Hub,Hyderabad,Outlet,Home,1392,334,501,33867.6,1693.38,30819.52,31835.54,156,8,1354.7,3.8,4488
2026-12-01 00:00:00,South,ST-007,Hyderabad Retail Hub,Hyderabad,Outlet,Beauty,1783,517,1551,45599.4,9119.88,35567.53,53351.3,409,5,911.99,4.6,4787
2026-12-01 00:00:00,South,ST-007,Hyderabad Retail Hub,Hyderabad,Outlet,Sports,2174,739,1478,86167.4,14648.46,63763.87,94784.14,662,6,7755.07,5.0,5086
2026-12-01 00:00:00,South,ST-008,Kochi Retail Hub,Kochi,Mall,Grocery,2428,874,1311,23126.04,3931.43,17807.05,24051.08,356,6,1387.56,4.9,3838
2026-12-01 00:00:00,South,ST-008,Kochi Retail Hub,Kochi,Mall,Apparel,933,308,924,38419.92,5378.79,30428.57,37267.32,609,7,2612.56,3.0,4137
2026-12-01 00:00:00,South,ST-008,Kochi Retail Hub,Kochi,Mall,Electronics,861,138,276,57960,6375.6,50019.48,52164.0,474,0,1564.92,3.8,4436
2026-12-01 00:00:00,South,ST-008,Kochi Retail Hub,Kochi,Mall,Home,1715,429,429,28163.85,2253.11,23375.99,31825.15,365,1,2534.75,4.2,4735
2026-12-01 00:00:00,South,ST-008,Kochi Retail Hub,Kochi,Mall,Beauty,2106,632,1580,45124.8,2256.24,39709.82,47832.29,618,2,3158.74,4.6,5034
2026-12-01 00:00:00,South,ST-008,Kochi Retail Hub,Kochi,Mall,Sports,1097,384,576,32630.4,6526.08,24472.8,32304.1,121,7,1631.52,4.6,5333
2026-12-01 00:00:00,East,ST-009,Kolkata Retail Hub,Kolkata,High Street,Grocery,2831,1047,1047,17903.7,3580.74,13964.89,16650.44,565,3,358.07,4.9,4085
2026-12-01 00:00:00,East,ST-009,Kolkata Retail Hub,Kolkata,High Street,Apparel,1256,427,1068,43061.76,7320.5,29152.81,49951.64,818,4,6588.45,3.4,4384
2026-12-01 00:00:00,East,ST-009,Kolkata Retail Hub,Kolkata,High Street,Electronics,1071,182,273,55610.1,7785.41,42569.53,60615.01,177,5,5255.16,3.8,4683
2026-12-01 00:00:00,East,ST-009,Kolkata Retail Hub,Kolkata,High Street,Home,2038,530,1590,101283,11141.13,85077.72,103308.66,574,6,5064.15,4.2,4982
2026-12-01 00:00:00,East,ST-009,Kolkata Retail Hub,Kolkata,High Street,Beauty,1029,319,638,17685.36,1414.83,15739.97,16801.09,827,7,530.56,4.2,5281
2026-12-01 00:00:00,East,ST-009,Kolkata Retail Hub,Kolkata,High Street,Sports,1420,256,256,14080,704.0,13235.2,12390.4,330,0,140.8,5.0,5580
2026-12-01 00:00:00,East,ST-010,Bhubaneswar Retail Hub,Bhubaneswar,Neighborhood,Grocery,1485,564,1692,28019.52,1400.98,24657.17,31381.86,774,0,1961.37,4.9,4332
2026-12-01 00:00:00,East,ST-010,Bhubaneswar Retail Hub,Bhubaneswar,Neighborhood,Apparel,1579,553,1106,43200.36,8640.07,30888.26,45360.38,277,1,3672.03,3.4,4631
2026-12-01 00:00:00,East,ST-010,Bhubaneswar Retail Hub,Bhubaneswar,Neighborhood,Electronics,1280,230,230,45402,7718.34,35844.88,44493.96,292,2,1838.78,3.8,4930
2026-12-01 00:00:00,East,ST-010,Bhubaneswar Retail Hub,Bhubaneswar,Neighborhood,Home,961,259,648,40014,5601.96,34011.9,36412.74,783,3,400.14,4.2,5229
2026-12-01 00:00:00,East,ST-010,Bhubaneswar Retail Hub,Bhubaneswar,Neighborhood,Beauty,1352,433,650,17472,1921.92,14152.32,19918.08,286,4,1397.76,4.6,5528
2026-12-01 00:00:00,East,ST-010,Bhubaneswar Retail Hub,Bhubaneswar,Neighborhood,Sports,1743,331,993,52976.55,4238.12,45559.84,56684.91,539,5,3178.59,5.0,5827
2026-12-01 00:00:00,East,ST-011,Guwahati Retail Hub,Guwahati,Outlet,Grocery,1889,737,1842,36803.16,2944.25,32754.82,37171.19,233,5,1104.09,4.9,4579
2026-12-01 00:00:00,East,ST-011,Guwahati Retail Hub,Guwahati,Outlet,Apparel,1902,342,513,24131.52,1206.58,22514.7,22683.63,486,6,410.24,3.4,4878
2026-12-01 00:00:00,East,ST-011,Guwahati Retail Hub,Guwahati,Outlet,Electronics,1490,283,849,201467.7,40293.54,139415.64,235717.21,406,7,21758.52,3.4,5177
2026-12-01 00:00:00,East,ST-011,Guwahati Retail Hub,Guwahati,Outlet,Home,1284,360,720,43056,7319.52,33153.12,47361.6,242,0,2583.36,4.2,5476
2026-12-01 00:00:00,East,ST-011,Guwahati Retail Hub,Guwahati,Outlet,Beauty,1675,553,553,14400.12,2016.02,11808.1,14832.12,495,1,576.0,4.6,5775
2026-12-01 00:00:00,East,ST-011,Guwahati Retail Hub,Guwahati,Outlet,Sports,2066,413,1032,53354.4,5868.98,46418.33,51220.22,748,2,1067.09,5.0,6074
2026-12-01 00:00:00,East,ST-012,Patna Retail Hub,Patna,Mall,Grocery,2292,917,1834,35652.96,3921.83,28878.89,32087.66,442,2,2852.24,4.9,4826
2026-12-01 00:00:00,East,ST-012,Patna Retail Hub,Patna,Mall,Apparel,2225,423,423,19364.94,1549.2,15840.51,21882.38,695,3,1975.23,3.4,5125
2026-12-01 00:00:00,East,ST-012,Patna Retail Hub,Patna,Mall,Electronics,790,158,395,91245,4562.25,81755.52,96719.7,109,4,4927.23,3.8,5424
2026-12-01 00:00:00,East,ST-012,Patna Retail Hub,Patna,Mall,Home,1607,466,699,50432.85,10086.57,39337.62,49928.52,451,5,1008.66,4.2,5723
2026-12-01 00:00:00,East,ST-012,Patna Retail Hub,Patna,Mall,Beauty,1998,679,2037,63880.32,10859.65,47271.44,58769.89,704,6,5749.23,4.6,6022
2026-12-01 00:00:00,East,ST-012,Patna Retail Hub,Patna,Mall,Sports,989,208,416,25854.4,3619.62,20424.97,29732.56,207,7,1809.81,4.6,6321
2026-12-01 00:00:00,West,ST-013,Mumbai Retail Hub,Mumbai,High Street,Grocery,2696,1105,1658,31336.2,4387.07,25695.68,34156.46,651,7,1253.45,4.5,5073
2026-12-01 00:00:00,West,ST-013,Mumbai Retail Hub,Mumbai,High Street,Apparel,1148,230,690,30718.8,3379.07,26295.28,31333.18,154,0,1044.45,3.4,5372
2026-12-01 00:00:00,West,ST-013,Mumbai Retail Hub,Mumbai,High Street,Electronics,1000,210,420,94374,7549.92,75357.64,89655.3,224,1,11466.44,3.8,5671
2026-12-01 00:00:00,West,ST-013,Mumbai Retail Hub,Mumbai,High Street,Home,1930,579,579,40645.8,2032.29,35768.3,35768.3,660,2,2845.21,4.2,5970
2026-12-01 00:00:00,West,ST-013,Mumbai Retail Hub,Mumbai,High Street,Beauty,921,322,805,24568.6,4913.72,18426.45,27271.15,163,7,1228.43,4.2,6269
2026-12-01 00:00:00,West,ST-013,Mumbai Retail Hub,Mumbai,High Street,Sports,1312,289,434,26257,4463.69,21005.6,27307.28,416,4,787.71,5.0,6568
2026-12-01 00:00:00,West,ST-014,Pune Retail Hub,Pune,Neighborhood,Grocery,1350,567,567,10410.12,1769.72,7703.49,10201.92,860,4,936.91,4.9,5320
2026-12-01 00:00:00,West,ST-014,Pune Retail Hub,Pune,Neighborhood,Apparel,1471,309,772,33396.72,4675.54,24746.97,30391.02,363,5,3974.21,3.4,5619
2026-12-01 00:00:00,West,ST-014,Pune Retail Hub,Pune,Neighborhood,Electronics,1210,266,399,87141.6,9585.58,71673.96,99341.42,339,6,5882.06,3.8,5918
2026-12-01 00:00:00,West,ST-014,Pune Retail Hub,Pune,Neighborhood,Home,2253,698,2094,142915.5,11433.24,127194.8,152919.59,869,7,4287.46,3.8,6217
2026-12-01 00:00:00,West,ST-014,Pune Retail Hub,Pune,Neighborhood,Beauty,1244,224,448,13296.64,664.83,12498.84,13296.64,372,0,132.97,4.6,6516
2026-12-01 00:00:00,West,ST-014,Pune Retail Hub,Pune,Neighborhood,Sports,1635,376,376,22127.6,4425.52,15931.87,20578.67,625,1,1770.21,5.0,6815
2026-12-01 00:00:00,West,ST-015,Ahmedabad Retail Hub,Ahmedabad,Outlet,Grocery,1754,754,2262,40308.84,8061.77,30231.63,47161.34,319,1,2015.44,4.9,5567
2026-12-01 00:00:00,West,ST-015,Ahmedabad Retail Hub,Ahmedabad,Outlet,Apparel,1794,395,790,33180,5640.6,25847.22,36498.0,572,2,1692.18,3.4,5866
2026-12-01 00:00:00,West,ST-015,Ahmedabad Retail Hub,Ahmedabad,Outlet,Electronics,1420,327,327,69356.7,9709.94,58710.44,71437.4,454,3,936.32,3.8,6165
2026-12-01 00:00:00,West,ST-015,Ahmedabad Retail Hub,Ahmedabad,Outlet,Home,1176,376,940,62322,6855.42,50480.82,59829.12,328,4,4985.76,4.2,6464
2026-12-01 00:00:00,West,ST-015,Ahmedabad Retail Hub,Ahmedabad,Outlet,Beauty,1567,298,447,12891.48,1031.32,11086.67,11473.42,581,5,773.49,4.6,6763
2026-12-01 00:00:00,West,ST-015,Ahmedabad Retail Hub,Ahmedabad,Outlet,Sports,1958,470,1410,80652,4032.6,73393.32,90330.24,834,6,3226.08,5.0,7062
2026-12-01 00:00:00,West,ST-016,Surat Retail Hub,Surat,Mall,Grocery,2158,561,1402,24226.56,1211.33,22772.96,25680.15,528,6,242.27,4.9,5814
2026-12-01 00:00:00,West,ST-016,Surat Retail Hub,Surat,Mall,Apparel,2117,487,730,29740.2,5948.04,19747.49,29442.8,781,7,4044.67,3.0,6113
2026-12-01 00:00:00,West,ST-016,Surat Retail Hub,Surat,Mall,Electronics,720,173,519,106810.2,18157.73,80000.85,98265.38,156,0,8651.62,3.8,6412
2026-12-01 00:00:00,West,ST-016,Surat Retail Hub,Surat,Mall,Home,1499,495,990,63706.5,8918.91,52239.33,73262.47,537,1,2548.26,4.2,6711
2026-12-01 00:00:00,West,ST-016,Surat Retail Hub,Surat,Mall,Beauty,1890,378,378,10584,1164.24,9208.08,11430.72,790,2,211.68,4.6,7010
2026-12-01 00:00:00,West,ST-016,Surat Retail Hub,Surat,Mall,Sports,2281,570,1425,79158.75,6332.7,65701.76,79950.34,293,3,7124.29,5.0,7309
2026-12-01 00:00:00,Central,ST-017,Bhopal Retail Hub,Bhopal,High Street,Grocery,2561,691,1382,23134.68,1850.77,19895.83,21977.95,737,3,1388.08,4.9,6061
2026-12-01 00:00:00,Central,ST-017,Bhopal Retail Hub,Bhopal,High Street,Apparel,1040,250,250,9870,493.5,8705.34,8685.6,240,4,671.16,3.4,6360
2026-12-01 00:00:00,Central,ST-017,Bhopal Retail Hub,Bhopal,High Street,Electronics,930,232,580,115710,23142.0,89443.83,128438.1,271,5,3124.17,3.8,6659
2026-12-01 00:00:00,Central,ST-017,Bhopal Retail Hub,Bhopal,High Street,Home,1822,619,928,57907.2,9844.22,42851.33,60223.49,746,6,5211.65,4.2,6958
2026-12-01 00:00:00,Central,ST-017,Bhopal Retail Hub,Bhopal,High Street,Beauty,2213,465,1395,37888.2,5304.35,29931.68,36751.55,249,7,2652.17,4.2,7257
2026-12-01 00:00:00,Central,ST-017,Bhopal Retail Hub,Bhopal,High Street,Sports,1204,313,626,33741.4,3711.55,28342.78,30367.26,502,0,1687.07,5.0,1056
2026-12-01 00:00:00,Central,ST-018,Indore Retail Hub,Indore,Neighborhood,Grocery,1215,340,510,10281.6,1130.98,8944.99,11721.02,196,0,205.63,4.9,6308
2026-12-01 00:00:00,Central,ST-018,Indore Retail Hub,Indore,Neighborhood,Apparel,1363,341,1023,48551.58,3884.13,37239.06,51950.19,449,1,7428.39,3.4,6607
2026-12-01 00:00:00,Central,ST-018,Indore Retail Hub,Indore,Neighborhood,Electronics,1140,296,592,114374.4,5718.72,97847.3,114374.4,386,2,10808.38,3.8,6906
2026-12-01 00:00:00,Central,ST-018,Indore Retail Hub,Indore,Neighborhood,Home,2145,751,751,45397.95,9079.59,34048.46,42220.09,205,3,2269.9,4.2,7205
2026-12-01 00:00:00,Central,ST-018,Indore Retail Hub,Indore,Neighborhood,Beauty,1136,250,625,16450,2796.5,13160.0,19082.0,458,4,493.5,4.6,1004
2026-12-01 00:00:00,Central,ST-018,Indore Retail Hub,Indore,Neighborhood,Sports,1527,412,618,32290.5,4520.67,27446.92,35196.65,711,5,322.91,5.0,1303
2026-12-01 00:00:00,Central,ST-019,Nagpur Retail Hub,Nagpur,Outlet,Grocery,1619,470,470,9221.4,1291.0,7284.9,9498.04,405,5,645.5,4.9,6555
2026-12-01 00:00:00,Central,ST-019,Nagpur Retail Hub,Nagpur,Outlet,Apparel,1686,438,1095,50589,5564.79,40724.15,48565.44,658,6,4300.06,3.4,6854
2026-12-01 00:00:00,Central,ST-019,Nagpur Retail Hub,Nagpur,Outlet,Electronics,1350,364,546,127272.6,10181.81,111936.25,113272.61,89,11,5154.54,3.4,7153
2026-12-01 00:00:00,Central,ST-019,Nagpur Retail Hub,Nagpur,Outlet,Home,1068,192,576,41932.8,2096.64,39416.83,46964.74,414,0,419.33,4.2,952
2026-12-01 00:00:00,Central,ST-019,Nagpur Retail Hub,Nagpur,Outlet,Beauty,1459,336,672,21262.08,4252.42,15308.69,22325.18,667,1,1700.97,4.6,1251
2026-12-01 00:00:00,Central,ST-019,Nagpur Retail Hub,Nagpur,Outlet,Sports,1850,518,518,26210.8,4455.84,20182.31,25686.58,170,6,1572.65,5.0,1550
2026-12-01 00:00:00,Central,ST-020,Raipur Retail Hub,Raipur,Mall,Grocery,2022,607,1821,34744.68,5906.6,27795.74,31965.11,614,2,1042.34,4.9,6802
2026-12-01 00:00:00,Central,ST-020,Raipur Retail Hub,Raipur,Mall,Apparel,2009,542,1084,48714.96,6820.09,41066.71,56022.2,867,3,828.16,3.4,7101
2026-12-01 00:00:00,Central,ST-020,Raipur Retail Hub,Raipur,Mall,Electronics,650,182,182,41277.6,4540.54,32279.08,44579.81,204,4,4457.98,3.8,900
2026-12-01 00:00:00,Central,ST-020,Raipur Retail Hub,Raipur,Mall,Home,1391,264,660,46761,3740.88,40214.46,47228.61,623,5,2805.66,4.2,1199
2026-12-01 00:00:00,Central,ST-020,Raipur Retail Hub,Raipur,Mall,Beauty,1782,428,642,19773.6,988.68,17993.98,18587.18,126,10,790.94,4.2,1498
2026-12-01 00:00:00,Central,ST-020,Raipur Retail Hub,Raipur,Mall,Sports,2173,630,1890,115384.5,23076.9,89999.91,134999.86,379,7,2307.69,4.6,1797
19-01-2026,North,ST-001,Delhi Retail Hub,Delhi,High Street,Grocery,2138,641,641,12922.56,2196.84,10338.04,12664.11,800,6,387.68,4.8,2590
19-01-2026,North,ST-001,Delhi Retail Hub,Delhi,High Street,Apparel,2101,567,1418,67298.28,9421.76,56732.45,61241.43,303,7,1144.07,2.9,2889
19-01-2026,North,ST-001,Delhi Retail Hub,Delhi,High Street,Electronics,710,199,298,57573.6,6333.1,45022.55,65633.9,306,0,6217.95,3.7,3188
19-01-2026,North,ST-001,Delhi Retail Hub,Delhi,High Street,Home,1483,282,846,51140.7,4091.26,43981.0,54720.55,809,1,3068.44,4.1,3487
19-01-2026,North,ST-001,Delhi Retail Hub,Delhi,High Street,Beauty,1874,450,900,23688,1184.4,21556.08,23688.0,312,2,947.52,4.5,3786
19-01-2026,North,ST-001,Delhi Retail Hub,Delhi,High Street,Sports,2265,657,657,34328.25,6865.65,26776.04,31925.27,565,3,686.56,4.9,4085
19-01-2026,North,ST-002,Jaipur Retail Hub,Jaipur,Neighborhood,Grocery,2541,788,2364,46381.68,9276.34,33394.81,54266.57,259,3,3710.53,4.8,2837
19-01-2026,North,ST-002,Jaipur Retail Hub,Jaipur,Neighborhood,Apparel,1024,287,574,26518.8,4508.2,19305.68,29170.68,512,4,2704.92,3.3,3136
19-01-2026,North,ST-002,Jaipur Retail Hub,Jaipur,Neighborhood,Electronics,920,267,267,62237.7,8713.28,50163.58,64104.83,421,5,3360.84,3.7,3435
19-01-2026,North,ST-002,Jaipur Retail Hub,Jaipur,Neighborhood,Home,1806,361,902,65665.6,7223.22,57129.07,63038.98,268,6,1313.31,4.1,3734
19-01-2026,North,ST-002,Jaipur Retail Hub,Jaipur,Neighborhood,Beauty,2197,549,824,26071.36,2085.71,21639.23,23203.51,521,7,2346.42,4.1,4033
19-01-2026,North,ST-002,Jaipur Retail Hub,Jaipur,Neighborhood,Sports,1188,356,1068,54040.8,2702.04,47555.9,60525.7,774,0,3782.86,4.9,4332
19-01-2026,North,ST-003,Lucknow Retail Hub,Lucknow,Outlet,Grocery,1195,382,955,18221.4,911.07,16581.47,19314.68,468,0,728.86,4.8,3084
19-01-2026,North,ST-003,Lucknow Retail Hub,Lucknow,Outlet,Apparel,1347,391,586,26334.84,5266.97,20172.48,26071.49,721,1,895.39,3.3,3383
19-01-2026,North,ST-003,Lucknow Retail Hub,Lucknow,Outlet,Electronics,1130,339,1017,230655.6,39211.45,163419.5,212203.15,123,6,28024.65,3.7,3682
19-01-2026,North,ST-003,Lucknow Retail Hub,Lucknow,Outlet,Home,2129,447,894,63339.9,8867.59,50038.52,72840.88,477,3,4433.79,4.1,3981
19-01-2026,North,ST-003,Lucknow Retail Hub,Lucknow,Outlet,Beauty,1120,291,291,8962.8,985.91,7528.75,9679.82,730,4,448.14,4.5,4280
19-01-2026,North,ST-003,Lucknow Retail Hub,Lucknow,Outlet,Sports,1511,468,1170,71428.5,5714.28,63571.36,72142.78,233,5,2142.86,4.9,4579
19-01-2026,North,ST-004,Chandigarh Retail Hub,Chandigarh,Mall,Grocery,1599,528,1056,19578.24,1566.26,16249.94,18599.33,677,5,1762.04,4.8,3331
19-01-2026,North,ST-004,Chandigarh Retail Hub,Chandigarh,Mall,Apparel,1670,501,501,21883.68,1094.18,18185.34,19257.64,180,6,2604.16,3.3,3630
19-01-2026,North,ST-004,Chandigarh Retail Hub,Chandigarh,Mall,Electronics,1340,415,1038,228879,45775.8,167653.87,254055.69,238,7,15449.33,3.3,3929
19-01-2026,North,ST-004,Chandigarh Retail Hub,Chandigarh,Mall,Home,1052,231,346,23839.4,4052.7,19071.52,24792.98,686,0,715.18,4.1,4228
19-01-2026,North,ST-004,Chandigarh Retail Hub,Chandigarh,Mall,Beauty,1443,390,1170,35053.2,4907.45,29795.22,34001.6,189,1,350.53,4.5,4527
19-01-2026,North,ST-004,Chandigarh Retail Hub,Chandigarh,Mall,Sports,1834,587,1174,69735.6,7670.92,56485.83,62762.04,442,2,5578.85,4.9,4826
19-01-2026,South,ST-005,Bengaluru Retail Hub,Bengaluru,High Street,Grocery,2002,681,1022,18396,2023.56,15452.64,20971.44,136,6,919.8,4.8,3578
19-01-2026,South,ST-005,Bengaluru Retail Hub,Bengaluru,High Street,Apparel,1993,618,1854,78646.68,6291.73,68343.97,84151.95,389,3,4010.98,3.3,3877
19-01-2026,South,ST-005,Bengaluru Retail Hub,Bengaluru,High Street,Electronics,640,90,180,38556,1927.8,36107.69,38556.0,353,4,520.51,3.7,4176
19-01-2026,South,ST-005,Bengaluru Retail Hub,Bengaluru,High Street,Home,1375,316,316,21156.2,4231.24,15232.46,19675.27,145,9,1692.5,3.7,4475
19-01-2026,South,ST-005,Bengaluru Retail Hub,Bengaluru,High Street,Beauty,1766,494,1235,35963.2,6113.74,27691.67,41717.31,398,6,2157.79,4.5,4774
19-01-2026,South,ST-005,Bengaluru Retail Hub,Bengaluru,High Street,Sports,2157,712,1068,61677,8634.78,50575.14,67227.93,651,7,2467.08,4.5,5073
19-01-2026,South,ST-006,Chennai Retail Hub,Chennai,Neighborhood,Grocery,2406,842,842,14701.32,2058.18,12496.13,15142.36,345,7,147.01,4.4,3825
19-01-2026,South,ST-006,Chennai Retail Hub,Chennai,Neighborhood,Apparel,916,293,732,30129.12,3314.2,22717.36,28923.96,598,0,4097.56,3.3,4124
19-01-2026,South,ST-006,Chennai Retail Hub,Chennai,Neighborhood,Electronics,850,128,192,39916.8,3193.34,33490.2,35525.95,468,1,3233.26,3.7,4423
19-01-2026,South,ST-006,Chennai Retail Hub,Chennai,Neighborhood,Home,1698,408,1224,79560,3978.0,72399.6,89107.2,354,2,3182.4,4.1,4722
19-01-2026,South,ST-006,Chennai Retail Hub,Chennai,Neighborhood,Beauty,2089,606,1212,34275.36,6855.07,26734.78,0.0,607,3,685.51,4.5,5021
19-01-2026,South,ST-006,Chennai Retail Hub,Chennai,Neighborhood,Sports,1080,367,367,20588.7,3500.08,15235.64,20176.93,860,4,1852.98,4.9,5320
19-01-2026,South,ST-007,Hyderabad Retail Hub,Hyderabad,Outlet,Grocery,2810,1012,3036,51369.12,8732.75,39554.22,47259.59,554,4,3082.15,4.8,4072
19-01-2026,South,ST-007,Hyderabad Retail Hub,Hyderabad,Outlet,Apparel,1239,409,818,32638.2,4569.35,25849.45,37533.93,807,5,2219.4,3.3,4371
19-01-2026,South,ST-007,Hyderabad Retail Hub,Hyderabad,Outlet,Electronics,1060,170,170,34272,3769.92,29576.74,37013.76,170,6,925.34,3.7,4670
19-01-2026,South,ST-007,Hyderabad Retail Hub,Hyderabad,Outlet,Home,2021,505,1262,79569.1,6365.53,66042.35,80364.79,563,7,7161.22,3.7,4969
19-01-2026,South,ST-007,Hyderabad Retail Hub,Hyderabad,Outlet,Beauty,1012,304,456,12512.64,625.63,11011.13,11761.88,816,0,875.88,4.5,5268
19-01-2026,South,ST-007,Hyderabad Retail Hub,Hyderabad,Outlet,Sports,1403,491,1473,80204.85,16040.97,60153.64,93839.67,319,1,4010.24,4.9,5567
19-01-2026,South,ST-008,Kochi Retail Hub,Kochi,Mall,Grocery,1464,542,1355,27560.7,5512.14,21497.35,30592.38,763,1,551.21,4.8,4319
19-01-2026,South,ST-008,Kochi Retail Hub,Kochi,Mall,Apparel,1562,531,796,30757.44,5228.76,20822.79,31987.74,266,2,4705.89,3.3,4618
19-01-2026,South,ST-008,Kochi Retail Hub,Kochi,Mall,Electronics,1269,216,648,126554.4,17717.62,96877.39,122757.77,285,3,11959.39,3.7,4917
19-01-2026,South,ST-008,Kochi Retail Hub,Kochi,Mall,Home,944,245,490,29939,3293.29,25148.76,26945.1,772,4,1496.95,4.1,5216
19-01-2026,South,ST-008,Kochi Retail Hub,Kochi,Mall,Beauty,1335,414,414,11012.4,880.99,9801.04,12444.01,275,5,330.37,4.5,5515
19-01-2026,South,ST-008,Kochi Retail Hub,Kochi,Mall,Sports,1726,311,778,41078.4,2053.92,38613.7,43543.1,528,6,410.78,4.9,5814
19-01-2026,East,ST-009,Kolkata Retail Hub,Kolkata,High Street,Grocery,1868,710,1420,28116,1405.8,24742.08,28116.0,222,6,1968.12,4.8,4566
19-01-2026,East,ST-009,Kolkata Retail Hub,Kolkata,High Street,Apparel,1885,660,660,30769.2,6153.84,21999.98,28615.36,475,7,2615.38,2.9,4865
19-01-2026,East,ST-009,Kolkata Retail Hub,Kolkata,High Street,Electronics,1479,266,665,156408,26589.36,123484.12,181433.28,400,0,6334.52,3.7,5164
19-01-2026,East,ST-009,Kolkata Retail Hub,Kolkata,High Street,Home,1267,342,513,37679.85,5275.18,32027.87,41071.04,231,1,376.8,4.1,5463
19-01-2026,East,ST-009,Kolkata Retail Hub,Kolkata,High Street,Beauty,1658,531,1593,41035.68,4513.92,33238.91,41856.39,484,2,3282.85,4.5,5762
19-01-2026,East,ST-009,Kolkata Retail Hub,Kolkata,High Street,Sports,2049,389,778,39794.7,3183.58,34223.44,37804.96,737,3,2387.68,4.9,6061
19-01-2026,East,ST-010,Bhubaneswar Retail Hub,Bhubaneswar,Neighborhood,Grocery,2271,886,1329,25596.54,2047.72,22780.92,22780.92,431,3,767.9,4.8,4813
19-01-2026,East,ST-010,Bhubaneswar Retail Hub,Bhubaneswar,Neighborhood,Apparel,2208,397,1191,54023.76,2701.19,50404.16,60506.61,684,4,918.41,3.3,5112
19-01-2026,East,ST-010,Bhubaneswar Retail Hub,Bhubaneswar,Neighborhood,Electronics,779,148,296,67754.4,13550.88,46886.05,71142.12,103,5,7317.47,3.7,5411
19-01-2026,East,ST-010,Bhubaneswar Retail Hub,Bhubaneswar,Neighborhood,Home,1590,445,445,31817.5,5408.98,24499.47,31181.15,440,6,1909.05,4.1,5710
19-01-2026,East,ST-010,Bhubaneswar Retail Hub,Bhubaneswar,Neighborhood,Beauty,1981,654,1635,50815.8,7114.21,41668.96,46242.38,693,7,2032.63,4.1,6009
19-01-2026,East,ST-010,Bhubaneswar Retail Hub,Bhubaneswar,Neighborhood,Sports,972,194,291,17925.6,1971.82,15595.27,20435.18,196,0,358.51,4.9,6308
19-01-2026,East,ST-011,Guwahati Retail Hub,Guwahati,Outlet,Grocery,2675,1070,1070,20030.4,2203.34,16224.63,21632.83,640,0,1602.43,4.8,5060
19-01-2026,East,ST-011,Guwahati Retail Hub,Guwahati,Outlet,Apparel,1131,215,538,23725.8,1898.06,19407.7,23963.06,143,1,2420.04,3.3,5359
19-01-2026,East,ST-011,Guwahati Retail Hub,Guwahati,Outlet,Electronics,989,198,297,66112.2,3305.61,59236.53,62145.47,218,2,3570.06,3.7,5658
19-01-2026,East,ST-011,Guwahati Retail Hub,Guwahati,Outlet,Home,1913,555,1665,115800.75,23160.15,90324.58,135486.88,649,3,2316.02,4.1,5957
19-01-2026,East,ST-011,Guwahati Retail Hub,Guwahati,Outlet,Beauty,904,307,614,18567.36,3156.45,13739.85,20424.1,152,8,1671.06,4.1,6256
19-01-2026,East,ST-011,Guwahati Retail Hub,Guwahati,Outlet,Sports,1295,272,272,16306.4,2282.9,12882.05,16795.59,405,5,1141.45,4.9,6555
19-01-2026,East,ST-012,Patna Retail Hub,Patna,Mall,Grocery,1329,545,1635,29724.3,4161.4,24373.93,28832.57,849,5,1188.97,4.8,5307
19-01-2026,East,ST-012,Patna Retail Hub,Patna,Mall,Apparel,1454,291,582,24932.88,2742.62,21342.54,22439.59,352,6,847.72,3.3,5606
19-01-2026,East,ST-012,Patna Retail Hub,Patna,Mall,Electronics,1199,252,252,54507.6,4360.61,43524.32,61593.59,333,7,6622.67,3.3,5905
19-01-2026,East,ST-012,Patna Retail Hub,Patna,Mall,Home,2236,671,1678,113432.8,5671.64,99820.86,120238.77,858,0,7940.3,4.1,6204
19-01-2026,East,ST-012,Patna Retail Hub,Patna,Mall,Beauty,1227,429,644,18933.6,3786.72,14200.2,18744.26,361,1,946.68,4.5,6503
19-01-2026,East,ST-012,Patna Retail Hub,Patna,Mall,Sports,1618,356,1068,62264.4,10584.95,49811.52,57283.25,614,2,1867.93,4.9,6802
19-01-2026,West,ST-013,Mumbai Retail Hub,Mumbai,High Street,Grocery,1732,727,1818,32069.52,5451.82,23731.44,37200.64,308,2,2886.26,4.8,5554
19-01-2026,West,ST-013,Mumbai Retail Hub,Mumbai,High Street,Apparel,1777,373,560,23284.8,3259.87,17254.03,25380.43,561,3,2770.9,3.3,5853
19-01-2026,West,ST-013,Mumbai Retail Hub,Mumbai,High Street,Electronics,1409,310,930,195300,21483.0,160634.25,199206.0,448,4,13182.75,3.7,6152
19-01-2026,West,ST-013,Mumbai Retail Hub,Mumbai,High Street,Home,1159,359,718,47136.7,3770.94,41951.66,44779.86,317,5,1414.1,4.1,6451
19-01-2026,West,ST-013,Mumbai Retail Hub,Mumbai,High Street,Beauty,1550,279,279,7968.24,398.41,7490.15,7012.05,570,6,79.68,4.5,6750
19-01-2026,West,ST-013,Mumbai Retail Hub,Mumbai,High Street,Sports,1941,446,1115,63164.75,12632.95,45478.62,70112.87,823,7,5053.18,4.5,7049
19-01-2026,West,ST-014,Pune Retail Hub,Pune,Neighborhood,Grocery,2136,918,1836,31395.6,6279.12,23546.7,32965.38,517,7,1569.78,4.4,5801
19-01-2026,West,ST-014,Pune Retail Hub,Pune,Neighborhood,Apparel,2100,462,462,18627.84,3166.73,14511.08,18255.28,770,0,950.03,3.3,6100
19-01-2026,West,ST-014,Pune Retail Hub,Pune,Neighborhood,Electronics,709,163,408,83109.6,11635.34,70352.27,75629.74,150,1,1121.99,3.7,6399
19-01-2026,West,ST-014,Pune Retail Hub,Pune,Neighborhood,Home,1482,474,711,45290.7,4981.98,36685.46,51631.4,526,2,3623.26,4.1,6698
19-01-2026,West,ST-014,Pune Retail Hub,Pune,Neighborhood,Beauty,1873,356,1068,29604.96,2368.4,25460.26,31677.31,779,3,1776.3,4.5,6997
19-01-2026,West,ST-014,Pune Retail Hub,Pune,Neighborhood,Sports,2264,543,1086,59730,2986.5,54354.3,59730.0,282,4,2389.2,4.9,7296
19-01-2026,West,ST-015,Ahmedabad Retail Hub,Ahmedabad,Outlet,Grocery,2540,660,990,16394.4,819.72,15410.74,15410.74,726,4,163.94,4.8,6048
19-01-2026,West,ST-015,Ahmedabad Retail Hub,Ahmedabad,Outlet,Apparel,1023,235,705,27537.3,5507.46,18284.77,32218.64,229,5,3745.07,3.3,6347
19-01-2026,West,ST-015,Ahmedabad Retail Hub,Ahmedabad,Outlet,Electronics,919,221,442,87250.8,14832.64,65350.84,95975.88,265,6,7067.32,3.7,6646
19-01-2026,West,ST-015,Ahmedabad Retail Hub,Ahmedabad,Outlet,Home,1805,596,596,36803,5152.42,30178.46,37907.09,735,7,1472.12,3.7,6945
19-01-2026,West,ST-015,Ahmedabad Retail Hub,Ahmedabad,Outlet,Beauty,2196,439,1098,29514.24,3246.57,25677.39,28333.67,238,0,590.28,4.5,7244
19-01-2026,West,ST-015,Ahmedabad Retail Hub,Ahmedabad,Outlet,Sports,1187,297,446,23794.1,1903.53,19749.1,21176.75,491,1,2141.47,4.9,1043
19-01-2026,West,ST-016,Surat Retail Hub,Surat,Mall,Grocery,1194,322,322,6433.56,514.68,5532.87,7269.92,185,1,386.01,4.8,6295
19-01-2026,West,ST-016,Surat Retail Hub,Surat,Mall,Apparel,1346,323,808,38008.32,1900.42,33523.34,40288.82,438,2,2584.56,3.3,6594
19-01-2026,West,ST-016,Surat Retail Hub,Surat,Mall,Electronics,1129,282,423,100377.9,20075.58,77592.11,99374.12,380,3,2710.21,3.7,6893
19-01-2026,West,ST-016,Surat Retail Hub,Surat,Mall,Home,2128,724,2172,129885.6,22080.55,96115.35,119494.75,194,4,11689.7,4.1,7192
19-01-2026,West,ST-016,Surat Retail Hub,Surat,Mall,Beauty,1119,235,470,12238.8,1713.43,9668.65,14074.62,447,5,856.72,4.5,991
19-01-2026,West,ST-016,Surat Retail Hub,Surat,Mall,Sports,1510,393,393,20318.1,2234.99,17067.21,21943.55,700,6,1015.9,4.9,1290
19-01-2026,Central,ST-017,Bhopal Retail Hub,Bhopal,High Street,Grocery,1598,447,1341,26069.04,2867.59,22680.07,26590.42,394,6,521.38,4.8,6542
19-01-2026,Central,ST-017,Bhopal Retail Hub,Bhopal,High Street,Apparel,1669,417,834,38180.52,3054.44,29284.46,36271.49,647,7,5841.62,2.9,6841
19-01-2026,Central,ST-017,Bhopal Retail Hub,Bhopal,High Street,Electronics,1339,348,348,80388,4019.4,68771.93,70741.44,82,4,7596.67,3.7,7140
19-01-2026,Central,ST-017,Bhopal Retail Hub,Bhopal,High Street,Home,1051,368,920,66378,13275.6,49783.5,73679.58,403,1,3318.9,4.1,939
19-01-2026,Central,ST-017,Bhopal Retail Hub,Bhopal,High Street,Beauty,1442,317,476,14927.36,2537.65,11941.89,15524.45,656,2,447.82,4.5,1238
19-01-2026,Central,ST-017,Bhopal Retail Hub,Bhopal,High Street,Sports,1833,495,1485,92292.75,12920.98,78448.84,89523.97,159,7,922.93,4.5,1537
19-01-2026,Central,ST-018,Indore Retail Hub,Indore,Neighborhood,Grocery,2001,580,1450,27405,3836.7,21649.95,24938.55,603,3,1918.35,4.8,6789
19-01-2026,Central,ST-018,Indore Retail Hub,Indore,Neighborhood,Apparel,1992,518,777,34592.04,3805.12,27846.6,39434.93,856,4,2940.32,3.3,7088
19-01-2026,Central,ST-018,Indore Retail Hub,Indore,Neighborhood,Electronics,639,173,519,116619.3,9329.54,102566.68,124782.65,197,5,4723.08,3.7,7387
19-01-2026,Central,ST-018,Indore Retail Hub,Indore,Neighborhood,Home,1374,247,494,34678.8,1733.94,32598.07,34678.8,612,6,346.79,4.1,1186
19-01-2026,Central,ST-018,Indore Retail Hub,Indore,Neighborhood,Beauty,1765,406,406,12391.12,2478.22,8921.61,11523.74,865,7,991.29,4.1,1485
19-01-2026,Central,ST-018,Indore Retail Hub,Indore,Neighborhood,Sports,2156,604,1510,91355,15530.35,70343.35,105971.8,368,0,5481.3,4.9,1784
19-01-2026,Central,ST-019,Nagpur Retail Hub,Nagpur,Outlet,Grocery,2405,722,1444,26511.84,4507.01,21209.47,29163.02,812,0,795.36,4.8,7036
19-01-2026,Central,ST-019,Nagpur Retail Hub,Nagpur,Outlet,Apparel,915,247,247,10685.22,1495.93,9007.65,11005.78,315,1,181.64,3.3,7335
19-01-2026,Central,ST-019,Nagpur Retail Hub,Nagpur,Outlet,Electronics,849,238,595,129948,14294.28,101619.34,124750.08,312,2,14034.38,3.7,1134
19-01-2026,Central,ST-019,Nagpur Retail Hub,Nagpur,Outlet,Home,1697,322,483,32964.75,2637.18,28349.69,29338.63,821,3,1977.88,4.1,1433
19-01-2026,Central,ST-019,Nagpur Retail Hub,Nagpur,Outlet,Beauty,2088,501,1503,44609.04,2230.45,40594.23,49962.12,324,4,1784.36,4.5,1732
19-01-2026,Central,ST-019,Nagpur Retail Hub,Nagpur,Outlet,Sports,1079,313,626,36840.1,7368.02,28735.28,38682.11,577,5,736.8,4.9,2031
19-01-2026,Central,ST-020,Raipur Retail Hub,Raipur,Mall,Grocery,2809,871,1306,23272.92,4654.58,16756.51,23040.19,271,5,1861.83,4.8,7283
19-01-2026,Central,ST-020,Raipur Retail Hub,Raipur,Mall,Apparel,1238,347,1041,43722,7432.74,31829.62,40224.24,524,6,4459.64,3.3,1082
19-01-2026,Central,ST-020,Raipur Retail Hub,Raipur,Mall,Electronics,1059,307,614,130229.4,18232.12,104964.89,149763.81,427,7,7032.39,3.3,1381
19-01-2026,Central,ST-020,Raipur Retail Hub,Raipur,Mall,Home,2020,404,404,26785.2,2946.37,23303.13,28928.02,280,0,535.7,4.1,1680
19-01-2026,Central,ST-020,Raipur Retail Hub,Raipur,Mall,Beauty,1011,253,632,18226.88,1458.15,15128.31,18409.15,533,1,1640.42,4.5,1979
19-01-2026,Central,ST-020,Raipur Retail Hub,Raipur,Mall,Sports,1402,421,632,36150.4,1807.52,31812.35,33981.38,786,2,2530.53,4.9,2278
26-01-2026,North,ST-001,Delhi Retail Hub,Delhi,High Street,Grocery,1385,429,858,16216.2,4216.21,10702.69,17027.01,457,1,1297.3,4.7,3071
26-01-2026,North,ST-001,Delhi Retail Hub,Delhi,High Street,Apparel,1569,439,439,19544.28,4495.18,13055.58,19153.39,710,2,1993.52,3.2,3370
26-01-2026,North,ST-001,Delhi Retail Hub,Delhi,High Street,Electronics,1320,383,958,215262.6,43052.52,160585.9,195888.97,117,7,11624.18,3.2,3669
26-01-2026,North,ST-001,Delhi Retail Hub,Delhi,High Street,Home,2492,498,747,52439.4,8914.7,42475.91,59780.92,466,4,1048.79,4.0,3968
26-01-2026,North,ST-001,Delhi Retail Hub,Delhi,High Street,Beauty,1302,326,978,29848.56,4178.8,22983.39,31937.96,719,5,2686.37,4.4,4267
26-01-2026,North,ST-001,Delhi Retail Hub,Delhi,High Street,Sports,1763,529,1058,64009,7040.99,52487.38,64009.0,222,6,4480.63,4.8,4566
26-01-2026,North,ST-002,Jaipur Retail Hub,Jaipur,Neighborhood,Grocery,1862,596,894,16413.84,1805.52,13951.77,15429.01,666,6,656.55,4.7,3318
26-01-2026,North,ST-002,Jaipur Retail Hub,Jaipur,Neighborhood,Apparel,1951,566,1698,73455.48,19098.42,51859.57,85942.91,169,11,2497.49,2.8,3617
26-01-2026,North,ST-002,Jaipur Retail Hub,Jaipur,Neighborhood,Electronics,1568,470,940,205296,47218.08,133134.46,225825.6,232,0,24943.46,3.6,3916
26-01-2026,North,ST-002,Jaipur Retail Hub,Jaipur,Neighborhood,Home,1221,256,256,17472,3494.4,12754.56,17996.16,675,1,1223.04,4.0,4215
26-01-2026,North,ST-002,Jaipur Retail Hub,Jaipur,Neighborhood,Beauty,1683,438,1095,32499.6,5524.93,25349.69,31199.62,178,6,1624.98,4.4,4514
26-01-2026,North,ST-002,Jaipur Retail Hub,Jaipur,Neighborhood,Sports,2144,665,998,58732.3,8222.52,48747.81,52271.75,431,3,1761.97,4.8,4813
26-01-2026,North,ST-003,Lucknow Retail Hub,Lucknow,Outlet,Grocery,2338,772,772,13757.04,1925.99,10592.92,15545.46,125,7,1238.13,4.3,3565
26-01-2026,North,ST-003,Lucknow Retail Hub,Lucknow,Outlet,Apparel,2332,700,1750,73500,8085.0,56668.5,77910.0,378,4,8746.5,3.2,3864
26-01-2026,North,ST-003,Lucknow Retail Hub,Lucknow,Outlet,Electronics,742,230,345,73174.5,19025.37,49209.84,72442.76,347,5,4939.29,3.6,4163
26-01-2026,North,ST-003,Lucknow Retail Hub,Lucknow,Outlet,Home,1602,352,1056,70012.8,16102.94,51809.48,64411.78,134,10,2100.38,3.6,4462
26-01-2026,North,ST-003,Lucknow Retail Hub,Lucknow,Outlet,Beauty,2064,557,1114,32127.76,6425.55,25380.93,36946.92,387,7,321.28,4.0,4761
26-01-2026,North,ST-003,Lucknow Retail Hub,Lucknow,Outlet,Sports,2525,808,808,46217.6,7856.99,34663.2,49915.01,640,0,3697.41,4.8,5060
26-01-2026,North,ST-004,Chandigarh Retail Hub,Chandigarh,Mall,Grocery,2814,957,2871,49610.88,8433.85,38696.49,50603.1,334,0,2480.54,4.7,3812
26-01-2026,North,ST-004,Chandigarh Retail Hub,Chandigarh,Mall,Apparel,2713,841,1682,68524.68,9593.46,55436.46,65098.45,587,1,3494.76,3.2,4111
26-01-2026,North,ST-004,Chandigarh Retail Hub,Chandigarh,Mall,Electronics,989,138,138,28400.4,3124.04,24892.96,24992.35,462,2,383.4,3.6,4410
26-01-2026,North,ST-004,Chandigarh Retail Hub,Chandigarh,Mall,Home,1984,456,1140,73359,19073.34,48416.94,81428.49,343,3,5868.72,4.0,4709
26-01-2026,North,ST-004,Chandigarh Retail Hub,Chandigarh,Mall,Beauty,2445,685,1028,28784,6620.32,20436.64,29935.36,596,4,1727.04,4.4,5008
26-01-2026,North,ST-004,Chandigarh Retail Hub,Chandigarh,Mall,Sports,1254,414,1242,68993.1,13798.62,52434.76,66923.31,849,5,2759.72,4.8,5307
26-01-2026,South,ST-005,Bengaluru Retail Hub,Bengaluru,High Street,Grocery,3291,1152,2880,48211.2,9642.24,38086.85,43872.19,543,5,482.11,4.7,4059
26-01-2026,South,ST-005,Bengaluru Retail Hub,Bengaluru,High Street,Apparel,1442,461,692,27320.16,4644.43,18960.19,31144.98,796,6,3715.54,3.2,4358
26-01-2026,South,ST-005,Bengaluru Retail Hub,Bengaluru,High Street,Electronics,1237,186,558,111321,15584.94,86719.06,119113.47,164,7,9017.0,3.2,4657
26-01-2026,South,ST-005,Bengaluru Retail Hub,Bengaluru,High Street,Home,2365,568,1136,70886.4,7797.5,60253.44,70886.4,552,0,2835.46,4.0,4956
26-01-2026,South,ST-005,Bengaluru Retail Hub,Bengaluru,High Street,Beauty,1174,340,340,9234.4,2400.94,6648.77,8587.99,805,1,184.69,4.4,5255
26-01-2026,South,ST-005,Bengaluru Retail Hub,Bengaluru,High Street,Sports,1635,556,1390,74921,17231.83,50946.28,86908.36,308,2,6742.89,4.8,5554
26-01-2026,South,ST-006,Chennai Retail Hub,Chennai,Neighborhood,Grocery,1702,613,1226,24716.16,5684.72,17548.47,27187.78,752,2,1482.97,4.7,4306
26-01-2026,South,ST-006,Chennai Retail Hub,Chennai,Neighborhood,Apparel,1823,602,602,not_available,5714.18,20913.91,29428.05,255,3,1942.83,3.2,4605
26-01-2026,South,ST-006,Chennai Retail Hub,Chennai,Neighborhood,Electronics,1484,237,592,114374.4,19443.65,91842.64,109799.42,279,4,3088.11,3.6,4904
26-01-2026,South,ST-006,Chennai Retail Hub,Chennai,Neighborhood,Home,1094,274,411,24844.95,3478.29,19130.61,22112.01,761,5,2236.05,4.0,5203
26-01-2026,South,ST-006,Chennai Retail Hub,Chennai,Neighborhood,Beauty,1555,466,1398,36795.36,4047.49,30172.19,41210.8,264,6,2575.68,4.4,5502
26-01-2026,South,ST-006,Chennai Retail Hub,Chennai,Neighborhood,Sports,2017,706,1412,73777,19182.02,50906.13,77465.85,517,7,3688.85,4.4,5801
26-01-2026,South,ST-007,Hyderabad Retail Hub,Hyderabad,Outlet,Grocery,2178,806,1209,23720.58,6167.35,17078.82,23483.37,211,7,474.41,4.3,4553
26-01-2026,South,ST-007,Hyderabad Retail Hub,Hyderabad,Outlet,Apparel,2204,749,2247,103811.4,23876.62,64051.63,95506.49,464,0,15883.15,3.2,4852
26-01-2026,South,ST-007,Hyderabad Retail Hub,Hyderabad,Outlet,Electronics,1732,294,588,137062.8,27412.56,96697.8,157622.22,394,1,12952.44,3.6,5151
26-01-2026,South,ST-007,Hyderabad Retail Hub,Hyderabad,Outlet,Home,1475,384,384,27955.2,4752.38,21805.06,30191.62,220,2,1397.76,4.0,5450
26-01-2026,South,ST-007,Hyderabad Retail Hub,Hyderabad,Outlet,Beauty,1936,600,1500,47460,6644.4,39391.8,47934.6,473,3,1423.8,4.4,5749
26-01-2026,South,ST-007,Hyderabad Retail Hub,Hyderabad,Outlet,Sports,2398,432,648,32788.8,3606.77,28854.14,30821.47,726,4,327.89,4.8,6048
26-01-2026,South,ST-008,Kochi Retail Hub,Kochi,Mall,Grocery,2655,1009,1009,19251.72,2117.69,15786.41,16941.51,420,4,1347.62,4.7,4800
26-01-2026,South,ST-008,Kochi Retail Hub,Kochi,Mall,Apparel,2585,905,2262,101654.28,26430.11,66583.56,112836.25,673,5,8640.61,3.2,5099
26-01-2026,South,ST-008,Kochi Retail Hub,Kochi,Mall,Electronics,906,163,244,55339.2,12728.02,40369.94,57552.77,97,6,2241.24,3.6,5398
26-01-2026,South,ST-008,Kochi Retail Hub,Kochi,Mall,Home,1856,501,1503,106487.55,21297.51,84125.16,103292.92,429,7,1064.88,3.6,5697
26-01-2026,South,ST-008,Kochi Retail Hub,Kochi,Mall,Beauty,2318,742,1484,45707.2,7770.22,34280.4,41136.48,682,0,3656.58,4.4,5996
26-01-2026,South,ST-008,Kochi Retail Hub,Kochi,Mall,Sports,1127,214,214,13064.7,1829.06,10451.76,14763.11,185,1,783.88,4.8,6295
26-01-2026,East,ST-009,Kolkata Retail Hub,Kolkata,High Street,Grocery,3132,1221,3663,67912.02,9507.68,56366.98,72665.86,629,1,2037.36,4.7,5047
26-01-2026,East,ST-009,Kolkata Retail Hub,Kolkata,High Street,Apparel,1315,237,474,20704.32,2277.48,18074.87,20704.32,132,2,351.97,3.2,5346
26-01-2026,East,ST-009,Kolkata Retail Hub,Kolkata,High Street,Electronics,1154,219,219,48289.5,12555.27,30518.96,44909.24,212,3,5215.27,3.6,5645
26-01-2026,East,ST-009,Kolkata Retail Hub,Kolkata,High Street,Home,2237,626,1565,107828.5,24800.56,76558.23,125081.06,638,4,6469.71,4.0,5944
26-01-2026,East,ST-009,Kolkata Retail Hub,Kolkata,High Street,Beauty,2699,891,1336,40026.56,8005.31,30420.19,43628.95,141,9,1601.06,4.0,6243
26-01-2026,East,ST-009,Kolkata Retail Hub,Kolkata,High Street,Sports,1508,302,906,53816.4,9148.79,43591.28,54892.73,394,6,1076.33,4.8,6542
26-01-2026,East,ST-010,Bhubaneswar Retail Hub,Bhubaneswar,Neighborhood,Grocery,1543,617,1542,27756,4718.52,20817.0,26645.76,838,6,2220.48,4.7,5294
26-01-2026,East,ST-010,Bhubaneswar Retail Hub,Bhubaneswar,Neighborhood,Apparel,1696,322,483,20488.86,2868.44,15530.56,18235.09,341,7,2089.86,2.8,5593
26-01-2026,East,ST-010,Bhubaneswar Retail Hub,Bhubaneswar,Neighborhood,Electronics,1402,280,840,179928,19792.08,150419.81,201519.36,327,0,9716.11,3.6,5892
26-01-2026,East,ST-010,Bhubaneswar Retail Hub,Bhubaneswar,Neighborhood,Home,2618,759,1518,101630.1,26423.83,73173.67,106711.61,847,1,2032.6,4.0,6191
26-01-2026,East,ST-010,Bhubaneswar Retail Hub,Bhubaneswar,Neighborhood,Beauty,1428,486,486,14152.32,3255.03,9623.58,13869.27,350,2,1273.71,4.4,6490
26-01-2026,East,ST-010,Bhubaneswar Retail Hub,Bhubaneswar,Neighborhood,Sports,1889,397,992,57288,11457.6,41820.24,52132.08,603,3,4010.16,4.8,6789
26-01-2026,East,ST-011,Guwahati Retail Hub,Guwahati,Outlet,Grocery,2019,828,1656,28913.76,5782.75,21974.46,33250.82,297,3,1156.55,4.7,5541
26-01-2026,East,ST-011,Guwahati Retail Hub,Guwahati,Outlet,Apparel,2077,415,415,17081.4,2903.84,13596.79,18447.91,550,4,580.77,3.2,5840
26-01-2026,East,ST-011,Guwahati Retail Hub,Guwahati,Outlet,Electronics,1650,346,865,179833.5,25176.69,132807.03,181631.84,442,5,21849.78,3.6,6139
26-01-2026,East,ST-011,Guwahati Retail Hub,Guwahati,Outlet,Home,1348,404,606,39390,4332.9,32299.8,37026.6,306,6,2757.3,4.0,6438
26-01-2026,East,ST-011,Guwahati Retail Hub,Guwahati,Outlet,Beauty,1809,633,1899,53703.72,13962.97,37055.56,62833.35,559,7,2685.19,4.0,6737
26-01-2026,East,ST-011,Guwahati Retail Hub,Guwahati,Outlet,Sports,2270,499,998,55987.8,12877.19,41430.98,61586.58,812,0,1679.63,4.8,7036
26-01-2026,East,ST-012,Patna Retail Hub,Patna,Mall,Grocery,2496,1048,1572,26598.24,6117.6,18086.8,27662.17,506,0,2393.84,4.7,5788
26-01-2026,East,ST-012,Patna Retail Hub,Patna,Mall,Apparel,2458,516,1548,61765.2,12353.04,42062.11,59912.24,759,1,7350.05,3.2,6087
26-01-2026,East,ST-012,Patna Retail Hub,Patna,Mall,Electronics,824,181,362,72979.2,12406.46,55646.64,65681.28,144,2,4926.1,3.6,6386
26-01-2026,East,ST-012,Patna Retail Hub,Patna,Mall,Home,1729,536,536,33794.8,4731.27,28049.69,38188.12,515,3,1013.84,4.0,6685
26-01-2026,East,ST-012,Patna Retail Hub,Patna,Mall,Beauty,2190,394,985,27028.4,2973.12,23785.0,28650.1,768,4,270.28,4.4,6984
26-01-2026,East,ST-012,Patna Retail Hub,Patna,Mall,Sports,2651,610,915,49821.75,12953.66,32882.35,49323.53,271,5,3985.74,4.8,7283
26-01-2026,West,ST-013,Mumbai Retail Hub,Mumbai,High Street,Grocery,2972,1278,1278,25994.52,6758.58,17936.21,24174.9,715,5,1299.73,4.7,6035
26-01-2026,West,ST-013,Mumbai Retail Hub,Mumbai,High Street,Apparel,1187,261,652,25193.28,5794.45,18113.97,29224.2,218,6,1284.86,3.2,6334
26-01-2026,West,ST-013,Mumbai Retail Hub,Mumbai,High Street,Electronics,1071,246,369,72065.7,14413.14,56679.67,78551.61,259,7,972.89,3.2,6633
26-01-2026,West,ST-013,Mumbai Retail Hub,Mumbai,High Street,Home,2110,675,2025,123727.5,21033.68,92795.62,126202.05,724,0,9898.2,4.0,6932
26-01-2026,West,ST-013,Mumbai Retail Hub,Mumbai,High Street,Beauty,2571,488,976,25961.6,3634.62,20769.28,24663.52,227,1,1557.7,4.4,7231
26-01-2026,West,ST-013,Mumbai Retail Hub,Mumbai,High Street,Sports,1381,331,331,17476.8,1922.45,14855.28,15379.58,480,2,699.07,4.8,1030
26-01-2026,West,ST-014,Pune Retail Hub,Pune,Neighborhood,Grocery,1383,360,1080,21384,2352.24,18817.92,23950.08,174,6,213.84,4.7,6282
26-01-2026,West,ST-014,Pune Retail Hub,Pune,Neighborhood,Apparel,1568,361,722,33659.64,8751.51,20330.42,35342.62,427,3,4577.71,3.2,6581
26-01-2026,West,ST-014,Pune Retail Hub,Pune,Neighborhood,Electronics,1319,317,317,74558.4,17148.43,51370.75,73067.23,374,4,6039.22,3.6,6880
26-01-2026,West,ST-014,Pune Retail Hub,Pune,Neighborhood,Home,2491,822,2055,150939.75,30187.95,114714.21,137355.17,183,5,6037.59,4.0,7179
26-01-2026,West,ST-014,Pune Retail Hub,Pune,Neighborhood,Beauty,1300,260,390,10046.4,1707.89,8137.58,11452.9,436,6,200.93,4.4,978
26-01-2026,West,ST-014,Pune Retail Hub,Pune,Neighborhood,Sports,1762,440,1320,67518,9452.52,51988.86,72244.26,689,7,6076.62,4.4,1277
26-01-2026,West,ST-015,Ahmedabad Retail Hub,Ahmedabad,Outlet,Grocery,1860,502,1255,24171.3,3383.98,19337.04,24413.01,383,7,1450.28,4.3,6529
26-01-2026,West,ST-015,Ahmedabad Retail Hub,Ahmedabad,Outlet,Apparel,1949,468,702,31842.72,3502.7,26174.71,29932.16,636,0,2165.31,3.2,6828
26-01-2026,West,ST-015,Ahmedabad Retail Hub,Ahmedabad,Outlet,Electronics,1567,392,1176,269186.4,69988.46,191929.9,314948.09,76,5,7268.04,3.6,7127
26-01-2026,West,ST-015,Ahmedabad Retail Hub,Ahmedabad,Outlet,Home,1220,415,830,59345,13649.35,40354.6,65279.5,392,2,5341.05,4.0,926
26-01-2026,West,ST-015,Ahmedabad Retail Hub,Ahmedabad,Outlet,Beauty,1682,353,353,10971.24,2194.25,8009.0,11300.38,645,3,767.99,4.4,1225
26-01-2026,West,ST-015,Ahmedabad Retail Hub,Ahmedabad,Outlet,Sports,2143,557,1392,85747.2,14577.02,66882.82,82317.31,148,8,4287.36,4.4,1524
26-01-2026,West,ST-016,Surat Retail Hub,Surat,Mall,Grocery,2336,654,1308,24485.76,4162.58,19833.46,22037.18,592,4,489.72,4.7,6776
26-01-2026,West,ST-016,Surat Retail Hub,Surat,Mall,Apparel,2330,582,582,25666.2,3593.27,18146.0,29002.81,845,5,3926.93,3.2,7075
26-01-2026,West,ST-016,Surat Retail Hub,Surat,Mall,Electronics,741,193,482,107293.2,11802.25,85351.75,113730.79,191,6,10139.2,3.6,7374
26-01-2026,West,ST-016,Surat Retail Hub,Surat,Mall,Home,1601,560,840,58422,15189.72,40311.18,57837.78,601,7,2921.1,3.6,1173
26-01-2026,West,ST-016,Surat Retail Hub,Surat,Mall,Beauty,2063,454,1362,41186.88,9472.98,30478.29,37891.93,854,0,1235.61,4.4,1472
26-01-2026,West,ST-016,Surat Retail Hub,Surat,Mall,Sports,2524,681,1362,81651.9,16330.38,64505.0,93899.68,357,1,816.52,4.8,1771
26-01-2026,Central,ST-017,Bhopal Retail Hub,Bhopal,High Street,Grocery,2813,816,1224,22252.32,4450.46,16244.2,24255.03,801,1,1557.66,4.7,7023
26-01-2026,Central,ST-017,Bhopal Retail Hub,Bhopal,High Street,Apparel,2712,705,2115,90606.6,15403.12,67501.92,92418.73,304,2,7701.56,3.2,7322
26-01-2026,Central,ST-017,Bhopal Retail Hub,Bhopal,High Street,Electronics,989,267,534,115504.2,16170.59,94655.68,109728.99,306,3,4677.93,3.6,1121
26-01-2026,Central,ST-017,Bhopal Retail Hub,Bhopal,High Street,Home,1982,357,357,24133.2,2654.65,21237.22,21237.22,810,4,241.33,4.0,1420
26-01-2026,Central,ST-017,Bhopal Retail Hub,Bhopal,High Street,Beauty,2444,562,1405,41307,10739.82,27262.62,45850.77,313,5,3304.56,4.4,1719
26-01-2026,Central,ST-017,Bhopal Retail Hub,Bhopal,High Street,Sports,1253,351,526,30665.8,7053.13,21772.72,31892.43,566,6,1839.95,4.8,2018
26-01-2026,Central,ST-018,Indore Retail Hub,Indore,Neighborhood,Grocery,3290,987,987,17410.68,4004.46,12883.9,17062.47,260,6,522.32,4.7,7270
26-01-2026,Central,ST-018,Indore Retail Hub,Indore,Neighborhood,Apparel,1441,389,972,40415.76,8083.15,31645.54,36778.34,513,7,687.07,2.8,1069
26-01-2026,Central,ST-018,Indore Retail Hub,Indore,Neighborhood,Electronics,1237,346,519,108990,18528.3,78690.78,124248.6,421,0,11770.92,3.6,1368
26-01-2026,Central,ST-018,Indore Retail Hub,Indore,Neighborhood,Home,2364,449,1347,88430.55,12380.28,70744.44,94620.69,269,1,5305.83,4.0,1667
26-01-2026,Central,ST-018,Indore Retail Hub,Indore,Neighborhood,Beauty,1173,282,564,16107.84,1771.86,13691.67,16107.84,522,2,644.31,4.4,1966
26-01-2026,Central,ST-018,Indore Retail Hub,Indore,Neighborhood,Sports,1634,474,474,26852.1,6981.55,19333.51,24972.45,775,3,537.04,4.8,2265
26-01-2026,Central,ST-019,Nagpur Retail Hub,Nagpur,Outlet,Grocery,1700,527,1581,27035.1,7029.13,17843.16,31631.07,469,3,2162.81,4.7,1017
26-01-2026,Central,ST-019,Nagpur Retail Hub,Nagpur,Outlet,Apparel,1822,510,1020,41126.4,9459.07,27472.44,45239.04,722,4,4194.89,3.2,1316
26-01-2026,Central,ST-019,Nagpur Retail Hub,Nagpur,Outlet,Electronics,1484,430,430,87591,17518.2,65342.89,90218.73,124,9,4729.91,3.2,1615
26-01-2026,Central,ST-019,Nagpur Retail Hub,Nagpur,Outlet,Home,1093,219,548,34907.6,5934.29,28275.16,33511.3,478,6,698.15,4.0,1914
26-01-2026,Central,ST-019,Nagpur Retail Hub,Nagpur,Outlet,Beauty,1554,388,582,16133.04,2258.63,12422.44,14358.41,731,7,1451.97,4.0,2213
26-01-2026,Central,ST-019,Nagpur Retail Hub,Nagpur,Outlet,Sports,2015,604,1812,99660,10962.6,81721.2,111619.2,234,0,6976.2,4.8,2512
26-01-2026,Central,ST-020,Raipur Retail Hub,Raipur,Mall,Grocery,2177,697,1742,28847.52,3173.23,24520.39,30578.37,678,0,1153.9,4.7,1264
26-01-2026,Central,ST-020,Raipur Retail Hub,Raipur,Mall,Apparel,2203,639,958,37419.48,9729.06,26418.16,37045.29,181,1,1272.26,3.2,1563
26-01-2026,Central,ST-020,Raipur Retail Hub,Raipur,Mall,Electronics,1732,520,1560,307944,70827.12,199701.68,283308.48,239,2,37415.2,3.6,1862
26-01-2026,Central,ST-020,Raipur Retail Hub,Raipur,Mall,Home,1474,310,620,38285,7657.0,27948.05,44027.75,687,3,2679.95,4.0,2161
26-01-2026,Central,ST-020,Raipur Retail Hub,Raipur,Mall,Beauty,1935,503,503,13520.64,2298.51,10546.1,14602.29,190,4,676.03,4.4,2460
26-01-2026,Central,ST-020,Raipur Retail Hub,Raipur,Mall,Sports,2397,743,1858,99124.3,13877.4,82273.17,100115.54,443,5,2973.73,4.8,2759
2026-02-02 00:00:00,North,ST-001,Delhi Retail Hub,Delhi,High Street,Grocery,2313,740,2220,39160.8,1958.04,35636.33,43860.1,864,4,1566.43,4.6,3552
2026-02-02 00:00:00,North,ST-001,Delhi Retail Hub,Delhi,High Street,Apparel,2312,670,1340,55717.2,11143.44,42679.38,58503.06,367,5,1894.38,5.0,3851
2026-02-02 00:00:00,North,ST-001,Delhi Retail Hub,Delhi,High Street,Electronics,729,219,219,45990,7818.3,32583.91,45070.2,341,6,5587.79,3.5,4150
2026-02-02 00:00:00,North,ST-001,Delhi Retail Hub,Delhi,High Street,Home,1582,332,830,54489.5,7628.53,43046.7,49585.44,123,11,3814.27,3.5,4449
2026-02-02 00:00:00,North,ST-001,Delhi Retail Hub,Delhi,High Street,Beauty,2044,531,796,22733.76,2500.71,19096.36,25916.49,376,0,1136.69,4.3,4748
2026-02-02 00:00:00,North,ST-001,Delhi Retail Hub,Delhi,High Street,Sports,2505,777,2331,132051.15,10564.09,117525.53,141294.73,629,1,3961.53,4.7,5047
2026-02-02 00:00:00,North,ST-002,Jaipur Retail Hub,Jaipur,Neighborhood,Grocery,2790,921,2302,39364.2,3149.14,32672.28,39757.84,323,1,3542.78,4.6,3799
2026-02-02 00:00:00,North,ST-002,Jaipur Retail Hub,Jaipur,Neighborhood,Apparel,2693,808,1212,48867.84,2443.39,40609.17,45935.77,576,2,5815.28,5.0,4098
2026-02-02 00:00:00,North,ST-002,Jaipur Retail Hub,Jaipur,Neighborhood,Electronics,976,303,909,185163.3,37032.66,135632.12,216641.06,456,3,12498.52,3.5,4397
2026-02-02 00:00:00,North,ST-002,Jaipur Retail Hub,Jaipur,Neighborhood,Home,1964,432,864,55036.8,9356.26,44029.44,60540.48,332,4,1651.1,3.9,4696
2026-02-02 00:00:00,North,ST-002,Jaipur Retail Hub,Jaipur,Neighborhood,Beauty,2425,655,655,18156.6,2541.92,15433.11,18701.3,585,5,181.57,4.3,4995
2026-02-02 00:00:00,North,ST-002,Jaipur Retail Hub,Jaipur,Neighborhood,Sports,1234,395,988,54340,5977.4,44015.4,52166.4,838,6,4347.2,4.7,5294
2026-02-02 00:00:00,North,ST-003,Lucknow Retail Hub,Lucknow,Outlet,Grocery,3266,1110,2220,36763.2,4043.95,30881.09,33086.88,532,6,1838.16,4.6,4046
2026-02-02 00:00:00,North,ST-003,Lucknow Retail Hub,Lucknow,Outlet,Apparel,1422,441,441,17225.46,1378.04,14968.93,19464.77,785,7,878.49,4.6,4345
2026-02-02 00:00:00,North,ST-003,Lucknow Retail Hub,Lucknow,Outlet,Electronics,1224,171,428,84487.2,4224.36,79122.27,89556.43,158,0,1140.57,3.5,4644
2026-02-02 00:00:00,North,ST-003,Lucknow Retail Hub,Lucknow,Outlet,Home,2345,539,808,49894,9978.8,35923.68,49395.06,541,1,3991.52,3.9,4943
2026-02-02 00:00:00,North,ST-003,Lucknow Retail Hub,Lucknow,Outlet,Beauty,1154,323,969,26046.72,4427.94,20055.98,23962.98,794,2,1562.8,4.3,5242
2026-02-02 00:00:00,North,ST-003,Lucknow Retail Hub,Lucknow,Outlet,Sports,1615,533,1066,56871.1,7961.95,46634.31,65401.76,297,3,2274.84,4.7,5541
2026-02-02 00:00:00,North,ST-004,Chandigarh Retail Hub,Chandigarh,Mall,Grocery,1677,587,880,17582.4,2461.54,14945.04,19164.82,741,3,175.82,4.6,4293
2026-02-02 00:00:00,North,ST-004,Chandigarh Retail Hub,Chandigarh,Mall,Apparel,1803,577,1731,81426.24,8956.89,61395.38,83054.76,244,4,11073.97,5.0,4592
2026-02-02 00:00:00,North,ST-004,Chandigarh Retail Hub,Chandigarh,Mall,Electronics,1471,221,442,104886.6,8390.93,87999.85,99642.27,273,5,8495.82,3.5,4891
2026-02-02 00:00:00,North,ST-004,Chandigarh Retail Hub,Chandigarh,Mall,Home,1074,258,258,15428.4,771.42,14039.84,13576.99,750,6,617.14,3.9,5190
2026-02-02 00:00:00,North,ST-004,Chandigarh Retail Hub,Chandigarh,Mall,Beauty,1535,445,1112,28956.48,5791.3,22586.05,32141.69,253,7,579.13,3.9,5489
2026-02-02 00:00:00,North,ST-004,Chandigarh Retail Hub,Chandigarh,Mall,Sports,1997,679,1018,52630.6,8947.2,38946.65,54735.82,506,0,4736.75,4.7,5788
2026-02-02 00:00:00,South,ST-005,Bengaluru Retail Hub,Bengaluru,High Street,Grocery,2154,775,775,15066,2561.22,11600.82,14764.68,200,0,903.96,4.6,4540
2026-02-02 00:00:00,South,ST-005,Bengaluru Retail Hub,Bengaluru,High Street,Apparel,2184,721,1802,82495.56,11549.38,65336.49,75070.96,453,1,5609.69,5.0,4839
2026-02-02 00:00:00,South,ST-005,Bengaluru Retail Hub,Bengaluru,High Street,Electronics,1719,275,412,95172,10468.92,82133.44,108496.08,388,2,2569.64,3.5,5138
2026-02-02 00:00:00,South,ST-005,Bengaluru Retail Hub,Bengaluru,High Street,Home,1455,364,1092,78787.8,6303.02,65393.88,84302.95,209,3,7090.9,3.9,5437
2026-02-02 00:00:00,South,ST-005,Bengaluru Retail Hub,Bengaluru,High Street,Beauty,1916,575,1150,36064,1803.2,31736.32,36064.0,462,4,2524.48,4.3,5736
2026-02-02 00:00:00,South,ST-005,Bengaluru Retail Hub,Bengaluru,High Street,Sports,2378,832,832,51708.8,10341.76,38781.6,48089.18,715,5,2585.44,4.7,6035
2026-02-02 00:00:00,South,ST-006,Chennai Retail Hub,Chennai,Neighborhood,Grocery,2630,973,2919,55169.1,11033.82,43031.9,64547.85,409,5,1103.38,4.6,4787
2026-02-02 00:00:00,South,ST-006,Chennai Retail Hub,Chennai,Neighborhood,Apparel,2565,872,1744,77642.88,13199.29,52564.23,85407.17,662,6,11879.36,5.0,5086
2026-02-02 00:00:00,South,ST-006,Chennai Retail Hub,Chennai,Neighborhood,Electronics,893,152,152,34154.4,4781.62,26145.19,35179.03,91,7,3227.59,3.1,5385
2026-02-02 00:00:00,South,ST-006,Chennai Retail Hub,Chennai,Neighborhood,Home,1836,477,1192,83678.4,9204.62,70289.86,80331.26,418,0,4183.92,3.9,5684
2026-02-02 00:00:00,South,ST-006,Chennai Retail Hub,Chennai,Neighborhood,Beauty,2297,712,1068,32595.36,2607.63,29009.87,29009.87,671,1,977.86,4.3,5983
2026-02-02 00:00:00,South,ST-006,Chennai Retail Hub,Chennai,Neighborhood,Sports,1107,199,597,36118.5,1805.93,33951.39,40452.72,174,2,361.18,4.7,6282
2026-02-02 00:00:00,South,ST-007,Hyderabad Retail Hub,Hyderabad,Outlet,Grocery,3106,1180,2950,54162,2708.1,47662.56,57411.72,618,2,3791.34,4.6,5034
2026-02-02 00:00:00,South,ST-007,Hyderabad Retail Hub,Hyderabad,Outlet,Apparel,1294,453,680,29416.8,5883.36,21033.01,29122.63,121,7,2500.43,4.6,5333
2026-02-02 00:00:00,South,ST-007,Hyderabad Retail Hub,Hyderabad,Outlet,Electronics,1141,205,615,134316,22833.72,106042.48,123570.72,206,4,5439.8,3.5,5632
2026-02-02 00:00:00,South,ST-007,Hyderabad Retail Hub,Hyderabad,Outlet,Home,2217,599,1198,81763.5,11446.89,69498.97,94028.02,627,5,817.64,3.9,5931
2026-02-02 00:00:00,South,ST-007,Hyderabad Retail Hub,Hyderabad,Outlet,Beauty,2679,857,857,25435.76,2797.93,20602.97,27470.62,130,10,2034.86,3.9,6230
2026-02-02 00:00:00,South,ST-007,Hyderabad Retail Hub,Hyderabad,Outlet,Sports,1488,283,708,41665.8,3333.26,35832.59,42082.46,383,7,2499.95,4.3,6529
2026-02-02 00:00:00,South,ST-008,Kochi Retail Hub,Kochi,Mall,Grocery,1517,592,1184,21098.88,-25.0,18778.0,20043.94,827,7,632.97,4.2,5281
2026-02-02 00:00:00,South,ST-008,Kochi Retail Hub,Kochi,Mall,Apparel,1676,302,302,12684,634.2,11834.17,11161.92,330,0,215.63,5.0,5580
2026-02-02 00:00:00,South,ST-008,Kochi Retail Hub,Kochi,Mall,Electronics,1389,264,660,139986,27997.2,96870.31,155384.46,321,1,15118.49,3.5,5879
2026-02-02 00:00:00,South,ST-008,Kochi Retail Hub,Kochi,Mall,Home,2598,727,1090,72267,12285.39,55645.59,75157.68,836,2,4336.02,3.9,6178
2026-02-02 00:00:00,South,ST-008,Kochi Retail Hub,Kochi,Mall,Beauty,1408,465,1395,40231.8,5632.45,32990.08,39024.85,339,3,1609.27,4.3,6477
2026-02-02 00:00:00,South,ST-008,Kochi Retail Hub,Kochi,Mall,Sports,1869,374,748,42785.6,4706.42,37223.47,38507.04,592,4,855.71,4.7,6776
2026-02-02 00:00:00,East,ST-009,Kolkata Retail Hub,Kolkata,High Street,Grocery,1994,798,1197,20684.16,2275.26,16754.17,23579.94,286,4,1654.73,4.6,5528
2026-02-02 00:00:00,East,ST-009,Kolkata Retail Hub,Kolkata,High Street,Apparel,2057,391,1173,47788.02,3823.04,39090.6,51133.18,539,5,4874.38,5.0,5827
2026-02-02 00:00:00,East,ST-009,Kolkata Retail Hub,Kolkata,High Street,Electronics,1637,327,654,134593.2,6729.66,120595.5,134593.2,436,6,7268.04,3.5,6126
2026-02-02 00:00:00,East,ST-009,Kolkata Retail Hub,Kolkata,High Street,Home,1328,385,385,24774.75,4954.95,19324.3,23040.52,295,7,495.5,3.5,6425
2026-02-02 00:00:00,East,ST-009,Kolkata Retail Hub,Kolkata,High Street,Beauty,1789,608,1520,42560,7235.2,31494.4,49369.6,548,0,3830.4,4.3,6724
2026-02-02 00:00:00,East,ST-009,Kolkata Retail Hub,Kolkata,High Street,Sports,2250,472,708,39329.4,5506.12,31070.22,42869.05,801,1,2753.06,4.7,7023
2026-02-02 00:00:00,East,ST-010,Bhubaneswar Retail Hub,Bhubaneswar,Neighborhood,Grocery,2471,1013,1013,16957.62,2374.07,13905.25,17466.35,495,1,678.3,4.6,5775
2026-02-02 00:00:00,East,ST-010,Bhubaneswar Retail Hub,Bhubaneswar,Neighborhood,Apparel,2438,488,1220,48165.6,5298.22,41229.75,46238.98,748,2,1637.63,5.0,6074
2026-02-02 00:00:00,East,ST-010,Bhubaneswar Retail Hub,Bhubaneswar,Neighborhood,Electronics,811,170,255,50872.5,4069.8,40621.7,45276.52,138,3,6181.0,3.5,6373
2026-02-02 00:00:00,East,ST-010,Bhubaneswar Retail Hub,Bhubaneswar,Neighborhood,Home,1709,513,1539,96033.6,4801.68,84509.57,107557.63,504,4,6722.35,3.9,6672
2026-02-02 00:00:00,East,ST-010,Bhubaneswar Retail Hub,Bhubaneswar,Neighborhood,Beauty,2170,760,1520,41283.2,8256.64,30962.4,43347.36,757,5,2064.16,4.3,6971
2026-02-02 00:00:00,East,ST-010,Bhubaneswar Retail Hub,Bhubaneswar,Neighborhood,Sports,2631,579,579,31208.1,5305.38,24966.48,30583.94,260,6,936.24,4.7,7270
2026-02-02 00:00:00,East,ST-011,Guwahati Retail Hub,Guwahati,Outlet,Grocery,2948,1238,3714,74874.24,12728.62,55406.94,68884.3,704,6,6738.68,4.6,6022
2026-02-02 00:00:00,East,ST-011,Guwahati Retail Hub,Guwahati,Outlet,Apparel,1167,245,490,23255.4,3255.76,17232.24,26743.71,207,7,2767.4,4.6,6321
2026-02-02 00:00:00,East,ST-011,Guwahati Retail Hub,Guwahati,Outlet,Electronics,1058,233,233,45015.6,4951.72,37025.33,48616.85,253,0,3038.55,3.5,6620
2026-02-02 00:00:00,East,ST-011,Guwahati Retail Hub,Guwahati,Outlet,Home,2090,648,1620,97929,7834.32,87156.81,98908.29,713,1,2937.87,3.9,6919
2026-02-02 00:00:00,East,ST-011,Guwahati Retail Hub,Guwahati,Outlet,Beauty,2551,459,688,18108.16,905.41,17021.67,17021.67,216,2,181.08,4.3,7218
2026-02-02 00:00:00,East,ST-011,Guwahati Retail Hub,Guwahati,Outlet,Sports,1361,313,939,49062.75,9812.55,35325.18,57403.42,469,3,3925.02,4.7,1017
2026-02-02 00:00:00,East,ST-012,Patna Retail Hub,Patna,Mall,Grocery,1358,584,1460,28645.2,5729.04,21483.9,31796.17,163,7,1432.26,4.2,6269
2026-02-02 00:00:00,East,ST-012,Patna Retail Hub,Patna,Mall,Apparel,1548,341,512,23654.4,4021.25,18426.78,24600.58,416,4,1206.37,5.0,6568
2026-02-02 00:00:00,East,ST-012,Patna Retail Hub,Patna,Mall,Electronics,1306,300,900,209790,29370.6,177587.23,203496.3,368,5,2832.17,3.5,6867
2026-02-02 00:00:00,East,ST-012,Patna Retail Hub,Patna,Mall,Home,2471,791,1582,115169.6,12668.66,93287.37,103652.64,172,10,9213.57,3.5,7166
2026-02-02 00:00:00,East,ST-012,Patna Retail Hub,Patna,Mall,Beauty,1280,243,243,7688.52,615.08,6612.13,8688.03,425,7,461.31,3.9,965
2026-02-02 00:00:00,East,ST-012,Patna Retail Hub,Patna,Mall,Sports,1742,418,1045,52877,2643.85,48118.07,56049.62,678,0,2115.08,4.7,1264
2026-02-02 00:00:00,West,ST-013,Mumbai Retail Hub,Mumbai,High Street,Grocery,1835,477,954,18202.32,910.12,17110.18,18202.32,372,0,182.02,4.6,6516
2026-02-02 00:00:00,West,ST-013,Mumbai Retail Hub,Mumbai,High Street,Apparel,1929,444,444,19953.36,3990.67,13249.03,18556.62,625,1,2713.66,5.0,6815
2026-02-02 00:00:00,West,ST-013,Mumbai Retail Hub,Mumbai,High Street,Electronics,1554,373,932,211377.6,35934.19,158321.82,245198.02,70,6,17121.59,3.5,7114
2026-02-02 00:00:00,West,ST-013,Mumbai Retail Hub,Mumbai,High Street,Home,1200,396,594,42084.9,5891.89,34509.61,45872.54,381,3,1683.4,3.9,913
2026-02-02 00:00:00,West,ST-013,Mumbai Retail Hub,Mumbai,High Street,Beauty,1661,332,996,30676.8,3374.45,26688.81,31290.34,634,4,613.54,4.3,1212
2026-02-02 00:00:00,West,ST-013,Mumbai Retail Hub,Mumbai,High Street,Sports,2123,531,1062,64835.1,5186.81,53813.13,61593.34,137,9,5835.16,4.3,1511
2026-02-02 00:00:00,West,ST-014,Pune Retail Hub,Pune,Neighborhood,Grocery,2312,624,936,17353.44,1388.28,14923.95,15444.56,581,5,1041.21,4.6,6763
2026-02-02 00:00:00,West,ST-014,Pune Retail Hub,Pune,Neighborhood,Apparel,2310,554,1662,72596.16,3629.81,64029.81,81307.7,834,6,4936.54,5.0,7062
2026-02-02 00:00:00,West,ST-014,Pune Retail Hub,Pune,Neighborhood,Electronics,728,182,364,80262,16052.4,62042.53,84275.1,185,7,2167.07,3.1,7361
2026-02-02 00:00:00,West,ST-014,Pune Retail Hub,Pune,Neighborhood,Home,1581,538,538,37068.2,6301.59,27430.47,36326.84,590,0,3336.14,3.9,1160
2026-02-02 00:00:00,West,ST-014,Pune Retail Hub,Pune,Neighborhood,Beauty,2043,429,1072,32117.12,4496.4,25372.52,29226.58,843,1,2248.2,4.3,1459
2026-02-02 00:00:00,West,ST-014,Pune Retail Hub,Pune,Neighborhood,Sports,2504,651,976,57974.4,6377.18,48698.5,66090.82,346,2,2898.72,4.7,1758
2026-02-02 00:00:00,West,ST-015,Ahmedabad Retail Hub,Ahmedabad,Outlet,Grocery,2787,780,780,14040,1544.4,12214.8,15163.2,790,2,280.8,4.6,7010
2026-02-02 00:00:00,West,ST-015,Ahmedabad Retail Hub,Ahmedabad,Outlet,Apparel,2692,673,1682,71350.44,5708.04,54725.78,72063.94,293,3,10916.62,5.0,7309
2026-02-02 00:00:00,West,ST-015,Ahmedabad Retail Hub,Ahmedabad,Outlet,Electronics,976,254,381,81610.2,4080.51,69817.53,76713.59,300,4,7712.16,3.5,1108
2026-02-02 00:00:00,West,ST-015,Ahmedabad Retail Hub,Ahmedabad,Outlet,Home,1962,687,2061,137983.95,27596.79,103487.96,161441.22,799,5,6899.2,3.9,1407
2026-02-02 00:00:00,West,ST-015,Ahmedabad Retail Hub,Ahmedabad,Outlet,Beauty,2424,533,1066,31041.92,5277.13,24833.53,34146.11,302,6,931.26,4.3,1706
2026-02-02 00:00:00,West,ST-015,Ahmedabad Retail Hub,Ahmedabad,Outlet,Sports,1233,333,333,19230.75,2692.3,16346.14,19807.67,555,7,192.31,4.3,2005
2026-02-02 00:00:00,West,ST-016,Surat Retail Hub,Surat,Mall,Grocery,3264,947,2841,49603.86,6944.54,39187.05,48115.74,249,7,3472.27,4.2,7257
2026-02-02 00:00:00,West,ST-016,Surat Retail Hub,Surat,Mall,Apparel,1421,369,738,30376.08,3341.37,24452.75,27338.47,502,0,2581.96,5.0,1056
2026-02-02 00:00:00,West,ST-016,Surat Retail Hub,Surat,Mall,Electronics,1224,330,330,68607,5488.56,60339.86,77525.91,415,1,2778.58,3.5,1355
2026-02-02 00:00:00,West,ST-016,Surat Retail Hub,Surat,Mall,Home,2343,422,1055,68575,3428.75,64460.5,72689.5,258,2,685.75,3.9,1654
2026-02-02 00:00:00,West,ST-016,Surat Retail Hub,Surat,Mall,Beauty,1153,265,398,11255.44,2251.09,8103.91,11142.89,511,3,900.44,4.3,1953
2026-02-02 00:00:00,West,ST-016,Surat Retail Hub,Surat,Mall,Sports,1614,452,1356,76071.6,12932.17,58575.13,69985.87,764,4,4564.3,4.7,2252
2026-02-02 00:00:00,Central,ST-017,Bhopal Retail Hub,Bhopal,High Street,Grocery,1676,503,1258,21285.36,3618.51,17028.29,24691.02,458,4,638.56,4.6,1004
2026-02-02 00:00:00,Central,ST-017,Bhopal Retail Hub,Bhopal,High Street,Apparel,1802,487,730,29127,4077.78,24554.06,31748.43,711,5,495.16,5.0,1303
2026-02-02 00:00:00,Central,ST-017,Bhopal Retail Hub,Bhopal,High Street,Electronics,1471,412,1236,249177.6,27409.54,194856.88,254161.15,118,10,26911.18,3.1,1602
2026-02-02 00:00:00,Central,ST-017,Bhopal Retail Hub,Bhopal,High Street,Home,1073,204,408,25724.4,2057.95,22122.99,24438.18,467,7,1543.46,3.5,1901
2026-02-02 00:00:00,Central,ST-017,Bhopal Retail Hub,Bhopal,High Street,Beauty,1534,368,368,10097.92,504.9,9189.1,8886.17,720,0,403.92,4.3,2200
2026-02-02 00:00:00,Central,ST-017,Bhopal Retail Hub,Bhopal,High Street,Sports,1995,579,1448,78843.6,15768.72,61498.01,87516.4,223,1,1576.87,4.7,2499
2026-02-02 00:00:00,Central,ST-018,Indore Retail Hub,Indore,Neighborhood,Grocery,2152,667,1334,27133.56,5426.71,19536.17,28490.24,667,1,2170.68,4.6,1251
2026-02-02 00:00:00,Central,ST-018,Indore Retail Hub,Indore,Neighborhood,Apparel,2183,611,611,23609.04,4013.54,17187.38,23136.86,170,6,2408.12,5.0,1550
2026-02-02 00:00:00,Central,ST-018,Indore Retail Hub,Indore,Neighborhood,Electronics,1719,499,1248,243734.4,34122.82,196449.92,221798.3,233,3,13161.66,3.5,1849
2026-02-02 00:00:00,Central,ST-018,Indore Retail Hub,Indore,Neighborhood,Home,1454,291,436,26639.6,2930.36,23176.45,30369.14,676,4,532.79,3.9,2148
2026-02-02 00:00:00,Central,ST-018,Indore Retail Hub,Indore,Neighborhood,Beauty,1915,479,1437,38224.2,3057.94,31726.08,40899.89,179,9,3440.18,3.9,2447
2026-02-02 00:00:00,Central,ST-018,Indore Retail Hub,Indore,Neighborhood,Sports,2377,713,1426,75292.8,3764.64,66257.66,75292.8,432,6,5270.5,4.7,2746
2026-02-02 00:00:00,Central,ST-019,Nagpur Retail Hub,Nagpur,Outlet,Grocery,2629,841,1262,24987.6,1249.38,22738.72,23488.34,126,10,999.5,4.2,1498
2026-02-02 00:00:00,Central,ST-019,Nagpur Retail Hub,Nagpur,Outlet,Apparel,2564,744,2232,104055.84,20811.17,79706.77,121745.33,379,7,3537.9,4.6,1797
2026-02-02 00:00:00,Central,ST-019,Nagpur Retail Hub,Nagpur,Outlet,Electronics,893,268,536,126067.2,21431.42,89318.61,138673.92,348,0,15317.17,3.5,2096
2026-02-02 00:00:00,Central,ST-019,Nagpur Retail Hub,Nagpur,Outlet,Home,1835,385,385,28278.25,3958.96,22339.81,29126.6,135,5,1979.48,3.9,2395
2026-02-02 00:00:00,Central,ST-019,Nagpur Retail Hub,Nagpur,Outlet,Beauty,2296,597,1492,38433.92,4227.73,32284.49,36896.56,388,2,1921.7,4.3,2694
2026-02-02 00:00:00,Central,ST-019,Nagpur Retail Hub,Nagpur,Outlet,Sports,1106,343,514,26291.1,2103.29,23399.08,23399.08,641,3,788.73,4.7,2993
2026-02-02 00:00:00,Central,ST-020,Raipur Retail Hub,Raipur,Mall,Grocery,3105,1025,1025,19741.5,1579.32,16385.44,22307.89,335,3,1776.74,4.6,1745
2026-02-02 00:00:00,Central,ST-020,Raipur Retail Hub,Raipur,Mall,Apparel,1293,388,970,43999.2,2199.96,36563.34,46639.15,588,4,5235.9,5.0,2044
2026-02-02 00:00:00,Central,ST-020,Raipur Retail Hub,Raipur,Mall,Electronics,1141,354,531,121545.9,24309.18,89032.36,120330.44,463,5,8204.36,3.5,2343
2026-02-02 00:00:00,Central,ST-020,Raipur Retail Hub,Raipur,Mall,Home,2216,488,1464,104676,17794.92,83740.8,96301.92,344,6,3140.28,3.9,2642
2026-02-02 00:00:00,Central,ST-020,Raipur Retail Hub,Raipur,Mall,Beauty,2677,723,1446,44941.68,6291.84,38200.42,51682.93,597,7,449.42,3.9,2941
2026-02-02 00:00:00,Central,ST-020,Raipur Retail Hub,Raipur,Mall,Sports,1487,476,476,29321.6,3225.38,23750.49,31667.33,850,0,2345.73,4.7,3240
2026-09-02 00:00:00,North,ST-001,Delhi Retail Hub,Delhi,High Street,Grocery,2746,906,1359,27642.06,2211.36,22942.91,24601.43,521,7,2487.79,4.1,4033
2026-09-02 00:00:00,North,ST-001,Delhi Retail Hub,Delhi,High Street,Apparel,1188,356,1068,41267.52,2063.38,34293.3,46219.62,774,0,4910.84,4.9,4332
2026-09-02 00:00:00,North,ST-001,Delhi Retail Hub,Delhi,High Street,Electronics,1026,318,636,124210.8,24842.16,90984.41,130421.34,152,5,8384.23,3.4,4631
2026-09-02 00:00:00,North,ST-001,Delhi Retail Hub,Delhi,High Street,Home,1970,433,433,26456.3,4497.57,21165.04,25927.17,530,2,793.69,3.8,4930
2026-09-02 00:00:00,North,ST-001,Delhi Retail Hub,Delhi,High Street,Beauty,961,259,648,17236.8,2413.15,14651.28,15685.49,783,3,172.37,4.2,5229
2026-09-02 00:00:00,North,ST-001,Delhi Retail Hub,Delhi,High Street,Sports,1352,433,650,34320,3775.2,27799.2,39124.8,286,4,2745.6,4.6,5528
2026-09-02 00:00:00,North,ST-002,Jaipur Retail Hub,Jaipur,Neighborhood,Grocery,1400,476,476,9424.8,1036.73,7916.83,10178.78,730,4,471.24,4.5,4280
2026-09-02 00:00:00,North,ST-002,Jaipur Retail Hub,Jaipur,Neighborhood,Apparel,1511,468,1170,54545.4,4363.63,47399.96,55090.85,233,5,2781.81,4.9,4579
2026-09-02 00:00:00,North,ST-002,Jaipur Retail Hub,Jaipur,Neighborhood,Electronics,1236,173,260,61152,3057.6,57268.85,57482.88,267,6,825.55,3.4,4878
2026-09-02 00:00:00,North,ST-002,Jaipur Retail Hub,Jaipur,Neighborhood,Home,2293,527,1581,116124.45,23224.89,83609.6,135865.61,739,7,9289.96,3.4,5177
2026-09-02 00:00:00,North,ST-002,Jaipur Retail Hub,Jaipur,Neighborhood,Beauty,1284,360,720,18547.2,3153.02,14281.35,20401.92,242,0,1112.83,4.2,5476
2026-09-02 00:00:00,North,ST-002,Jaipur Retail Hub,Jaipur,Neighborhood,Sports,1675,553,553,28285.95,3960.03,23194.48,29134.53,495,1,1131.44,4.6,5775
2026-09-02 00:00:00,North,ST-003,Lucknow Retail Hub,Lucknow,Outlet,Grocery,1804,631,1893,36459.18,5104.29,30990.3,35365.4,189,1,364.59,4.5,4527
2026-09-02 00:00:00,North,ST-003,Lucknow Retail Hub,Lucknow,Outlet,Apparel,1834,587,1174,53252.64,5857.79,40152.49,47927.38,442,2,7242.36,4.9,4826
2026-09-02 00:00:00,North,ST-003,Lucknow Retail Hub,Lucknow,Outlet,Electronics,1446,217,217,49671.3,3973.7,41674.22,56128.57,382,3,4023.38,3.4,5125
2026-09-02 00:00:00,North,ST-003,Lucknow Retail Hub,Lucknow,Outlet,Home,1216,292,730,52195,2609.75,47497.45,55326.7,198,4,2087.8,3.8,5424
2026-09-02 00:00:00,North,ST-003,Lucknow Retail Hub,Lucknow,Outlet,Beauty,1607,466,699,21724.92,4344.98,16945.44,21507.67,451,5,434.5,4.2,5723
2026-09-02 00:00:00,North,ST-003,Lucknow Retail Hub,Lucknow,Outlet,Sports,1998,679,2037,125479.2,21331.46,92854.61,115440.86,704,6,11293.13,4.6,6022
2026-09-02 00:00:00,North,ST-004,Chandigarh Retail Hub,Chandigarh,Mall,Grocery,2208,795,1988,37215.36,6326.61,28655.83,43169.82,398,6,2232.92,4.5,4774
2026-09-02 00:00:00,North,ST-004,Chandigarh Retail Hub,Chandigarh,Mall,Apparel,2157,712,1068,47098.8,6593.83,37302.25,51337.69,651,7,3202.72,4.5,5073
2026-09-02 00:00:00,North,ST-004,Chandigarh Retail Hub,Chandigarh,Mall,Electronics,746,119,357,79468.2,8741.5,68581.06,81057.56,85,0,2145.64,3.4,5372
2026-09-02 00:00:00,North,ST-004,Chandigarh Retail Hub,Chandigarh,Mall,Home,1539,385,770,53553.5,4284.28,44449.41,50875.82,407,1,4819.81,3.8,5671
2026-09-02 00:00:00,North,ST-004,Chandigarh Retail Hub,Chandigarh,Mall,Beauty,1930,579,579,17508.96,875.45,15407.88,15407.88,660,2,1225.63,4.2,5970
2026-09-02 00:00:00,North,ST-004,Chandigarh Retail Hub,Chandigarh,Mall,Sports,921,322,805,48259.75,9651.95,36194.81,53568.32,163,7,2412.99,4.2,6269
2026-09-02 00:00:00,South,ST-005,Bengaluru Retail Hub,Bengaluru,High Street,Grocery,2611,966,1932,35123.76,7024.75,27396.53,36879.95,607,3,702.48,4.5,5021
2026-09-02 00:00:00,South,ST-005,Bengaluru Retail Hub,Bengaluru,High Street,Apparel,1080,367,367,15722.28,2672.79,10643.97,15407.83,860,4,2405.52,4.9,5320
2026-09-02 00:00:00,South,ST-005,Bengaluru Retail Hub,Bengaluru,High Street,Electronics,956,163,408,88250.4,12355.06,67555.67,80307.86,200,5,8339.67,3.4,5619
2026-09-02 00:00:00,South,ST-005,Bengaluru Retail Hub,Bengaluru,High Street,Home,1862,484,726,49077.6,5398.54,41225.18,55948.46,616,6,2453.88,3.8,5918
2026-09-02 00:00:00,South,ST-005,Bengaluru Retail Hub,Bengaluru,High Street,Beauty,2253,698,2094,61563.6,4925.09,54791.6,65873.05,869,7,1846.91,3.8,6217
2026-09-02 00:00:00,South,ST-005,Bengaluru Retail Hub,Bengaluru,High Street,Sports,1244,224,448,26118.4,1305.92,24551.3,26118.4,372,0,261.18,4.6,6516
2026-09-02 00:00:00,South,ST-006,Chennai Retail Hub,Chennai,Neighborhood,Grocery,1265,481,722,12736.08,636.8,11207.75,11971.92,816,0,891.53,4.5,5268
2026-09-02 00:00:00,South,ST-006,Chennai Retail Hub,Chennai,Neighborhood,Apparel,1403,491,1473,61247.34,12249.47,43791.84,71659.39,319,1,5206.03,4.9,5567
2026-09-02 00:00:00,South,ST-006,Chennai Retail Hub,Chennai,Neighborhood,Electronics,1166,210,420,88200,14994.0,69633.9,97020.0,315,2,3572.1,3.4,5866
2026-09-02 00:00:00,South,ST-006,Chennai Retail Hub,Chennai,Neighborhood,Home,2185,590,590,38733.5,5422.69,32923.47,39895.51,825,3,387.34,3.8,6165
2026-09-02 00:00:00,South,ST-006,Chennai Retail Hub,Chennai,Neighborhood,Beauty,1176,376,940,26846.4,2953.1,21745.59,25772.54,328,4,2147.71,4.2,6464
2026-09-02 00:00:00,South,ST-006,Chennai Retail Hub,Chennai,Neighborhood,Sports,1567,298,447,25322.55,2025.8,21777.4,22537.07,581,5,1519.35,4.6,6763
2026-09-02 00:00:00,South,ST-007,Hyderabad Retail Hub,Hyderabad,Outlet,Grocery,1669,651,651,11132.1,890.57,9907.57,12579.27,275,5,333.96,4.5,5515
2026-09-02 00:00:00,South,ST-007,Hyderabad Retail Hub,Hyderabad,Outlet,Apparel,1726,311,778,31368.96,1568.45,29267.24,33251.1,528,6,533.27,4.9,5814
2026-09-02 00:00:00,South,ST-007,Hyderabad Retail Hub,Hyderabad,Outlet,Electronics,1376,261,392,79850.4,15970.08,55256.48,79051.9,430,7,8623.84,3.0,6113
2026-09-02 00:00:00,South,ST-007,Hyderabad Retail Hub,Hyderabad,Outlet,Home,1108,310,930,59241,10070.97,45615.57,54501.72,284,0,3554.46,3.8,6412
2026-09-02 00:00:00,South,ST-007,Hyderabad Retail Hub,Hyderabad,Outlet,Beauty,1499,495,990,27442.8,3841.99,22503.1,31559.22,537,1,1097.71,4.2,6711
2026-09-02 00:00:00,South,ST-007,Hyderabad Retail Hub,Hyderabad,Outlet,Sports,1890,378,378,20790,2286.9,18087.3,22453.2,790,2,415.8,4.6,7010
2026-09-02 00:00:00,South,ST-008,Kochi Retail Hub,Kochi,Mall,Grocery,2072,829,2487,41184.72,4530.32,33359.62,42008.41,484,2,3294.78,4.5,5762
2026-09-02 00:00:00,South,ST-008,Kochi Retail Hub,Kochi,Mall,Apparel,2049,389,778,30388.68,2431.09,24857.95,28869.25,737,3,3099.64,4.9,6061
2026-09-02 00:00:00,South,ST-008,Kochi Retail Hub,Kochi,Mall,Electronics,676,135,135,26649,1332.45,23877.5,23451.12,132,4,1439.05,3.4,6360
2026-09-02 00:00:00,South,ST-008,Kochi Retail Hub,Kochi,Mall,Home,1431,415,1038,64096.5,12819.3,49995.27,71147.12,493,5,1281.93,3.8,6659
2026-09-02 00:00:00,South,ST-008,Kochi Retail Hub,Kochi,Mall,Beauty,1822,619,928,24944.64,4240.59,18459.03,25942.43,746,6,2245.02,4.2,6958
2026-09-02 00:00:00,South,ST-008,Kochi Retail Hub,Kochi,Mall,Sports,2213,465,1395,74423.25,10419.26,58794.36,72190.55,249,7,5209.63,4.2,7257
2026-09-02 00:00:00,East,ST-009,Kolkata Retail Hub,Kolkata,High Street,Grocery,2476,1015,2538,50709.24,7099.29,41581.58,46145.41,693,7,2028.37,4.1,6009
2026-09-02 00:00:00,East,ST-009,Kolkata Retail Hub,Kolkata,High Street,Apparel,972,194,291,13688.64,1505.75,11717.48,15605.05,196,0,465.41,4.9,6308
2026-09-02 00:00:00,East,ST-009,Kolkata Retail Hub,Kolkata,High Street,Electronics,886,186,558,132413.4,10593.07,105732.1,141682.34,247,1,16088.23,3.4,6607
2026-09-02 00:00:00,East,ST-009,Kolkata Retail Hub,Kolkata,High Street,Home,1754,526,1052,62909.6,3145.48,55360.45,62909.6,702,2,4403.67,3.8,6906
2026-09-02 00:00:00,East,ST-009,Kolkata Retail Hub,Kolkata,High Street,Beauty,2145,751,751,19556.04,3911.21,14667.03,18187.12,205,3,977.8,4.2,7205
2026-09-02 00:00:00,East,ST-009,Kolkata Retail Hub,Kolkata,High Street,Sports,1136,250,625,32312.5,5493.12,25850.0,37482.5,458,4,969.38,4.6,1004
2026-09-02 00:00:00,East,ST-010,Bhubaneswar Retail Hub,Bhubaneswar,Neighborhood,Grocery,1130,475,950,18468,3139.56,13666.32,20314.8,152,8,1662.12,4.1,6256
2026-09-02 00:00:00,East,ST-010,Bhubaneswar Retail Hub,Bhubaneswar,Neighborhood,Apparel,1295,272,272,12452.16,1743.3,9227.06,12825.72,405,5,1481.8,4.9,6555
2026-09-02 00:00:00,East,ST-010,Bhubaneswar Retail Hub,Bhubaneswar,Neighborhood,Electronics,1096,241,602,139062,15296.82,114378.49,133499.52,362,6,9386.69,3.4,6854
2026-09-02 00:00:00,East,ST-010,Bhubaneswar Retail Hub,Bhubaneswar,Neighborhood,Home,2077,644,966,69696.9,5575.75,62030.24,62030.24,161,11,2090.91,3.4,7153
2026-09-02 00:00:00,East,ST-010,Bhubaneswar Retail Hub,Bhubaneswar,Neighborhood,Beauty,1068,192,576,18063.36,903.17,16979.56,20230.96,414,0,180.63,4.2,952
2026-09-02 00:00:00,East,ST-010,Bhubaneswar Retail Hub,Bhubaneswar,Neighborhood,Sports,1459,336,672,41764.8,8352.96,30070.66,43853.04,667,1,3341.18,4.6,1251
2026-09-02 00:00:00,East,ST-011,Guwahati Retail Hub,Guwahati,Outlet,Grocery,1534,660,990,18711,3742.2,14033.25,18523.89,361,1,935.55,4.5,6503
2026-09-02 00:00:00,East,ST-011,Guwahati Retail Hub,Guwahati,Outlet,Apparel,1618,356,1068,47547.36,8083.05,37039.4,43743.57,614,2,2424.91,4.9,6802
2026-09-02 00:00:00,East,ST-011,Guwahati Retail Hub,Guwahati,Outlet,Electronics,1306,300,600,134820,18874.8,114125.13,155043.0,477,3,1820.07,3.4,7101
2026-09-02 00:00:00,East,ST-011,Guwahati Retail Hub,Guwahati,Outlet,Home,1000,320,320,22464,2471.04,18195.84,24261.12,370,4,1797.12,3.8,900
2026-09-02 00:00:00,East,ST-011,Guwahati Retail Hub,Guwahati,Outlet,Beauty,1391,264,660,20143.2,1611.46,17323.15,20344.63,623,5,1208.59,4.2,1199
2026-09-02 00:00:00,East,ST-011,Guwahati Retail Hub,Guwahati,Outlet,Sports,1782,428,642,38841,1942.05,35345.31,36510.54,126,10,1553.64,4.2,1498
2026-09-02 00:00:00,East,ST-012,Patna Retail Hub,Patna,Mall,Grocery,1938,504,504,9253.44,462.67,8698.24,8143.03,570,6,92.53,4.5,6750
2026-09-02 00:00:00,East,ST-012,Patna Retail Hub,Patna,Mall,Apparel,1941,446,1115,48234.9,9646.98,32027.98,53540.74,823,7,6559.94,4.5,7049
2026-09-02 00:00:00,East,ST-012,Patna Retail Hub,Patna,Mall,Electronics,606,145,218,47611.2,8093.9,35660.8,49515.65,179,0,3856.5,3.4,7348
2026-09-02 00:00:00,East,ST-012,Patna Retail Hub,Patna,Mall,Home,1323,437,1311,89475.75,12526.61,73370.11,86791.48,579,1,3579.03,3.8,1147
2026-09-02 00:00:00,East,ST-012,Patna Retail Hub,Patna,Mall,Beauty,1714,343,686,20360.48,2239.65,17713.62,18324.43,832,2,407.21,4.2,1446
2026-09-02 00:00:00,East,ST-012,Patna Retail Hub,Patna,Mall,Sports,2105,526,526,30955.1,2476.41,25692.73,34979.26,335,3,2785.96,4.6,1745
2026-09-02 00:00:00,West,ST-013,Mumbai Retail Hub,Mumbai,High Street,Grocery,2341,632,1896,33786.72,2702.94,29056.58,36151.79,779,3,2027.2,4.5,6997
2026-09-02 00:00:00,West,ST-013,Mumbai Retail Hub,Mumbai,High Street,Apparel,2264,543,1086,45612,2280.6,40229.78,45612.0,282,4,3101.62,4.9,7296
2026-09-02 00:00:00,West,ST-013,Mumbai Retail Hub,Mumbai,High Street,Electronics,816,204,204,43268.4,8653.68,33446.47,40239.61,294,5,1168.25,3.4,1095
2026-09-02 00:00:00,West,ST-013,Mumbai Retail Hub,Mumbai,High Street,Home,1646,560,1400,92820,15779.4,68686.8,107671.2,788,6,8353.8,3.8,1394
2026-09-02 00:00:00,West,ST-013,Mumbai Retail Hub,Mumbai,High Street,Beauty,2037,428,642,18515.28,2592.14,14627.07,20181.66,291,7,1296.07,3.8,1693
2026-09-02 00:00:00,West,ST-013,Mumbai Retail Hub,Mumbai,High Street,Sports,1028,267,801,45817.2,5039.89,38486.45,46733.54,544,0,2290.86,4.6,1992
2026-09-02 00:00:00,West,ST-014,Pune Retail Hub,Pune,Neighborhood,Grocery,2745,769,1922,33212.16,3653.34,28894.58,31883.67,238,0,664.24,4.5,7244
2026-09-02 00:00:00,West,ST-014,Pune Retail Hub,Pune,Neighborhood,Apparel,1187,297,446,18170.04,1453.6,13936.43,16171.34,491,1,2780.01,4.9,1043
2026-09-02 00:00:00,West,ST-014,Pune Retail Hub,Pune,Neighborhood,Electronics,1026,267,801,164845.8,8242.29,141025.58,184627.3,409,2,15577.93,3.4,1342
2026-09-02 00:00:00,West,ST-014,Pune Retail Hub,Pune,Neighborhood,Home,1969,689,1378,88674.3,17734.86,66505.72,93108.02,247,3,4433.72,3.8,1641
2026-09-02 00:00:00,West,ST-014,Pune Retail Hub,Pune,Neighborhood,Beauty,960,211,211,5908,1004.36,4726.4,5789.84,500,4,177.24,4.2,1940
2026-09-02 00:00:00,West,ST-014,Pune Retail Hub,Pune,Neighborhood,Sports,1351,365,912,50661.6,7092.62,43062.36,46102.06,753,5,506.62,4.6,2239
2026-09-02 00:00:00,West,ST-015,Ahmedabad Retail Hub,Ahmedabad,Outlet,Grocery,1399,406,812,13592.88,1903.0,10738.38,15631.81,447,5,951.5,4.5,991
2026-09-02 00:00:00,West,ST-015,Ahmedabad Retail Hub,Ahmedabad,Outlet,Apparel,1510,393,393,15515.64,1706.72,12490.09,16756.89,700,6,1318.83,4.9,1290
2026-09-02 00:00:00,West,ST-015,Ahmedabad Retail Hub,Ahmedabad,Outlet,Electronics,1236,334,835,166582.5,13326.6,146509.32,168248.32,112,11,6746.58,3.0,1589
2026-09-02 00:00:00,West,ST-015,Ahmedabad Retail Hub,Ahmedabad,Outlet,Home,2292,413,620,38688,1934.4,36366.72,36366.72,456,0,386.88,3.8,1888
2026-09-02 00:00:00,West,ST-015,Ahmedabad Retail Hub,Ahmedabad,Outlet,Beauty,1283,295,885,24036.6,4807.32,17306.35,28122.82,709,1,1922.93,4.2,2187
2026-09-02 00:00:00,West,ST-015,Ahmedabad Retail Hub,Ahmedabad,Outlet,Sports,1674,469,938,50558.2,8594.89,38929.82,55614.02,212,2,3033.49,4.6,2486
2026-09-02 00:00:00,West,ST-016,Surat Retail Hub,Surat,Mall,Grocery,1802,541,812,16369.92,2782.89,13095.93,17024.72,656,2,491.1,4.5,1238
2026-09-02 00:00:00,West,ST-016,Surat Retail Hub,Surat,Mall,Apparel,1833,495,1485,70478.1,9866.93,59413.04,68363.76,159,7,1198.13,4.5,1537
2026-09-02 00:00:00,West,ST-016,Surat Retail Hub,Surat,Mall,Electronics,1446,405,810,156492,17214.12,122376.74,140842.8,227,4,16901.14,3.4,1836
2026-09-02 00:00:00,West,ST-016,Surat Retail Hub,Surat,Mall,Home,1215,231,231,13963.95,1117.12,12008.99,15779.26,665,5,837.84,3.8,2135
2026-09-02 00:00:00,West,ST-016,Surat Retail Hub,Surat,Mall,Beauty,1606,385,962,25319.84,1265.99,23041.06,26839.03,168,10,1012.79,3.8,2434
2026-09-02 00:00:00,West,ST-016,Surat Retail Hub,Surat,Mall,Sports,1997,579,868,45353,9070.6,35375.34,44899.47,421,7,907.06,4.2,2733
2026-09-02 00:00:00,Central,ST-017,Bhopal Retail Hub,Bhopal,High Street,Grocery,2206,684,684,13420.08,2684.02,9662.45,12480.67,865,7,1073.61,4.1,1485
2026-09-02 00:00:00,Central,ST-017,Bhopal Retail Hub,Bhopal,High Street,Apparel,2156,604,1510,69762,11859.54,50786.74,80923.92,368,0,7115.72,4.9,1784
2026-09-02 00:00:00,Central,ST-017,Bhopal Retail Hub,Bhopal,High Street,Electronics,746,216,324,75524.4,10573.42,60872.66,82321.6,342,1,4078.32,3.4,2083
2026-09-02 00:00:00,Central,ST-017,Bhopal Retail Hub,Bhopal,High Street,Home,1538,308,924,67267.2,7399.39,58522.47,68612.54,124,6,1345.34,3.8,2382
invalid-date,Central,ST-017,Bhopal Retail Hub,Bhopal,High Street,Beauty,1929,482,964,30500.96,2440.08,25315.79,28975.91,377,3,2745.09,4.2,2681
2026-09-02 00:00:00,Central,ST-017,Bhopal Retail Hub,Bhopal,High Street,Sports,920,276,276,13965.6,698.28,12289.73,12289.73,630,4,977.59,4.6,2980
2026-09-02 00:00:00,Central,ST-018,Indore Retail Hub,Indore,Neighborhood,Grocery,2610,835,2505,47795.4,2389.77,43493.81,53530.85,324,4,1911.82,4.5,1732
2026-09-02 00:00:00,Central,ST-018,Indore Retail Hub,Indore,Neighborhood,Apparel,1079,313,626,28132.44,5626.49,21549.45,29539.06,577,5,956.5,4.9,2031
2026-09-02 00:00:00,Central,ST-018,Indore Retail Hub,Indore,Neighborhood,Electronics,956,287,287,65091.6,11065.57,46117.41,63789.77,457,6,7908.62,3.4,2330
2026-09-02 00:00:00,Central,ST-018,Indore Retail Hub,Indore,Neighborhood,Home,1861,391,978,69291.3,9700.78,54740.13,63055.08,333,7,4850.39,3.4,2629
2026-09-02 00:00:00,Central,ST-018,Indore Retail Hub,Indore,Neighborhood,Beauty,2252,586,879,27073.2,2978.05,22741.49,30863.45,586,0,1353.66,4.2,2928
2026-09-02 00:00:00,Central,ST-018,Indore Retail Hub,Indore,Neighborhood,Sports,1243,385,1155,70512.75,5641.02,62756.35,75448.64,839,1,2115.38,4.6,3227
2026-09-02 00:00:00,Central,ST-019,Nagpur Retail Hub,Nagpur,Outlet,Grocery,1264,417,1042,19318.68,1545.49,16034.51,19511.87,533,1,1738.68,4.5,1979
2026-09-02 00:00:00,Central,ST-019,Nagpur Retail Hub,Nagpur,Outlet,Apparel,1402,421,632,27605.76,1380.29,22940.39,25949.41,786,2,3285.08,4.9,2278
2026-09-02 00:00:00,Central,ST-019,Nagpur Retail Hub,Nagpur,Outlet,Electronics,1165,361,1083,238801.5,47760.3,174922.09,279397.76,159,7,16119.11,3.0,2577
2026-09-02 00:00:00,Central,ST-019,Nagpur Retail Hub,Nagpur,Outlet,Home,2184,480,960,66144,11244.48,52915.2,72758.4,542,4,1984.32,3.8,2876
2026-09-02 00:00:00,Central,ST-019,Nagpur Retail Hub,Nagpur,Outlet,Beauty,1175,317,317,9497.32,1329.62,8072.73,9782.24,795,5,94.97,4.2,3175
2026-09-02 00:00:00,Central,ST-019,Nagpur Retail Hub,Nagpur,Outlet,Sports,1566,501,1252,74368.8,8180.57,60238.73,71394.05,298,6,5949.5,4.6,3474
2026-09-02 00:00:00,Central,ST-020,Raipur Retail Hub,Raipur,Mall,Grocery,1668,567,1134,20412,2245.32,17146.08,18370.8,742,6,1020.6,4.5,2226
2026-09-02 00:00:00,Central,ST-020,Raipur Retail Hub,Raipur,Mall,Apparel,1725,535,535,22694.7,1815.58,19721.69,25645.01,245,7,1157.43,4.5,2525
2026-09-02 00:00:00,Central,ST-020,Raipur Retail Hub,Raipur,Mall,Electronics,1375,192,480,102816,5140.8,96287.18,108984.96,274,0,1388.02,3.4,2824
2026-09-02 00:00:00,Central,ST-020,Raipur Retail Hub,Raipur,Mall,Home,1107,255,382,25574.9,5114.98,18413.93,25319.15,751,1,2045.99,3.8,3123
2026-09-02 00:00:00,Central,ST-020,Raipur Retail Hub,Raipur,Mall,Beauty,1498,419,1257,36603.84,6222.65,28184.96,33675.53,254,2,2196.23,4.2,3422
2026-09-02 00:00:00,Central,ST-020,Raipur Retail Hub,Raipur,Mall,Sports,1889,623,1246,71956.5,10073.91,59004.33,82749.97,507,3,2878.26,4.6,3721
16-02-2026,North,ST-001,Delhi Retail Hub,Delhi,High Street,Grocery,1782,606,1515,28906.2,3179.68,24281.21,27749.95,178,6,1445.31,4.4,4514
16-02-2026,North,ST-001,Delhi Retail Hub,Delhi,High Street,Apparel,1817,563,844,37929.36,3034.35,32960.61,33757.13,431,3,1934.4,4.8,4813
16-02-2026,North,ST-001,Delhi Retail Hub,Delhi,High Street,Electronics,1435,201,603,136760.4,6838.02,128076.12,153171.65,376,4,1846.26,3.3,5112
16-02-2026,North,ST-001,Delhi Retail Hub,Delhi,High Street,Home,1199,276,552,39109.2,7821.84,28158.62,41064.66,187,5,3128.74,3.7,5411
16-02-2026,North,ST-001,Delhi Retail Hub,Delhi,High Street,Beauty,1590,445,445,13706,2330.02,10553.62,13431.88,440,6,822.36,4.1,5710
16-02-2026,North,ST-001,Delhi Retail Hub,Delhi,High Street,Sports,1981,654,1635,99816.75,13974.34,81849.74,90833.24,693,7,3992.67,4.1,6009
16-02-2026,North,ST-002,Jaipur Retail Hub,Jaipur,Neighborhood,Grocery,2186,765,1530,28366.2,3971.27,24111.27,32621.13,387,7,283.66,4.0,4761
16-02-2026,North,ST-002,Jaipur Retail Hub,Jaipur,Neighborhood,Apparel,2140,685,685,29920.8,3291.29,22560.29,32314.46,640,0,4069.22,4.8,5060
16-02-2026,North,ST-002,Jaipur Retail Hub,Jaipur,Neighborhood,Electronics,735,110,275,60637.5,4851.0,50874.86,61243.88,79,1,4911.64,3.3,5359
16-02-2026,North,ST-002,Jaipur Retail Hub,Jaipur,Neighborhood,Home,1522,365,548,37757.2,1887.86,34359.05,35491.77,396,2,1510.29,3.7,5658
16-02-2026,North,ST-002,Jaipur Retail Hub,Jaipur,Neighborhood,Beauty,1913,555,1665,49883.4,9976.68,38909.05,58363.58,649,3,997.67,4.1,5957
16-02-2026,North,ST-002,Jaipur Retail Hub,Jaipur,Neighborhood,Sports,904,307,614,36471.6,6200.17,26988.99,40118.76,152,8,3282.44,4.1,6256
16-02-2026,North,ST-003,Lucknow Retail Hub,Lucknow,Outlet,Grocery,2590,932,1398,25164,4277.88,19376.28,26170.56,596,4,1509.84,4.4,5008
16-02-2026,North,ST-003,Lucknow Retail Hub,Lucknow,Outlet,Apparel,1063,351,1053,44668.26,6253.56,35377.26,43328.21,849,5,3037.44,4.8,5307
16-02-2026,North,ST-003,Lucknow Retail Hub,Lucknow,Outlet,Electronics,945,151,302,64688.4,7115.72,55826.09,58219.56,194,6,1746.59,3.3,5606
16-02-2026,North,ST-003,Lucknow Retail Hub,Lucknow,Outlet,Home,1845,461,461,30863.95,2469.12,25617.07,34876.26,605,7,2777.76,3.3,5905
16-02-2026,North,ST-003,Lucknow Retail Hub,Lucknow,Outlet,Beauty,2236,671,1678,48863.36,2443.17,42999.75,51795.16,858,0,3420.44,4.1,6204
16-02-2026,North,ST-003,Lucknow Retail Hub,Lucknow,Outlet,Sports,1227,429,644,37191,7438.2,27893.25,36819.09,361,1,1859.55,4.5,6503
16-02-2026,North,ST-004,Chandigarh Retail Hub,Chandigarh,Mall,Grocery,1244,460,460,8031.6,1606.32,6264.65,7469.39,805,1,160.63,4.4,5255
16-02-2026,North,ST-004,Chandigarh Retail Hub,Chandigarh,Mall,Apparel,1386,471,1178,48486.48,8242.7,32825.35,56244.32,308,2,7418.43,4.8,5554
16-02-2026,North,ST-004,Chandigarh Retail Hub,Chandigarh,Mall,Electronics,1155,196,294,61122.6,8557.16,46789.36,66623.63,309,3,5776.08,3.3,5853
16-02-2026,North,ST-004,Chandigarh Retail Hub,Chandigarh,Mall,Home,2168,564,1692,109980,12097.8,92383.2,112179.6,814,4,5499.0,3.7,6152
16-02-2026,North,ST-004,Chandigarh Retail Hub,Chandigarh,Mall,Beauty,1159,359,718,20305.04,1624.4,18071.49,19289.79,317,5,609.15,4.1,6451
16-02-2026,North,ST-004,Chandigarh Retail Hub,Chandigarh,Mall,Sports,1550,279,279,15651.9,782.6,14712.78,13773.67,570,6,156.52,4.5,6750
16-02-2026,South,ST-005,Bengaluru Retail Hub,Bengaluru,High Street,Grocery,1648,626,1878,31775.76,1588.79,27962.67,35588.85,264,6,2224.3,4.4,5502
16-02-2026,South,ST-005,Bengaluru Retail Hub,Bengaluru,High Street,Apparel,1709,598,1196,47720.4,9544.08,34120.09,50106.42,517,7,4056.23,4.4,5801
16-02-2026,South,ST-005,Bengaluru Retail Hub,Bengaluru,High Street,Electronics,1365,246,246,49593.6,8430.91,39154.15,48601.73,424,0,2008.54,3.3,6100
16-02-2026,South,ST-005,Bengaluru Retail Hub,Bengaluru,High Street,Home,1091,295,738,46530.9,6514.33,39551.26,42343.12,273,1,465.31,3.7,6399
16-02-2026,South,ST-005,Bengaluru Retail Hub,Bengaluru,High Street,Beauty,1482,474,711,19509.84,2146.08,15802.97,22241.22,526,2,1560.79,4.1,6698
16-02-2026,South,ST-005,Bengaluru Retail Hub,Bengaluru,High Street,Sports,1873,356,1068,58152.6,4652.21,50011.23,62223.28,779,3,3489.16,4.5,6997
16-02-2026,South,ST-006,Chennai Retail Hub,Chennai,Neighborhood,Grocery,2051,800,2000,40680,3254.4,36205.2,41086.8,473,3,1220.4,4.4,5749
16-02-2026,South,ST-006,Chennai Retail Hub,Chennai,Neighborhood,Apparel,2032,366,549,21213.36,1060.67,19792.07,19940.56,726,4,360.62,4.8,6048
16-02-2026,South,ST-006,Chennai Retail Hub,Chennai,Neighborhood,Electronics,665,126,378,73823.4,14764.68,51085.8,86373.38,126,5,7972.92,3.3,6347
16-02-2026,South,ST-006,Chennai Retail Hub,Chennai,Neighborhood,Home,1414,396,792,48391.2,8226.5,37261.23,53230.32,482,6,2903.47,3.7,6646
16-02-2026,South,ST-006,Chennai Retail Hub,Chennai,Neighborhood,Beauty,1805,596,596,15853.6,2219.5,12999.96,16329.21,735,7,634.14,3.7,6945
16-02-2026,South,ST-006,Chennai Retail Hub,Chennai,Neighborhood,Sports,2196,439,1098,57974.4,6377.18,50437.73,55655.42,238,0,1159.49,4.5,7244
16-02-2026,South,ST-007,Hyderabad Retail Hub,Hyderabad,Outlet,Grocery,2455,982,1964,38887.2,4277.59,31498.63,34998.48,682,0,3110.98,4.4,5996
16-02-2026,South,ST-007,Hyderabad Retail Hub,Hyderabad,Outlet,Apparel,955,181,181,8438.22,675.06,6902.47,9535.19,185,1,860.69,4.8,6295
16-02-2026,South,ST-007,Hyderabad Retail Hub,Hyderabad,Outlet,Electronics,875,175,438,103017.6,5150.88,92303.78,109198.66,241,2,5562.94,3.3,6594
16-02-2026,South,ST-007,Hyderabad Retail Hub,Hyderabad,Outlet,Home,1737,504,756,55528.2,11105.64,43312.0,54972.92,691,3,1110.56,3.7,6893
16-02-2026,South,ST-007,Hyderabad Retail Hub,Hyderabad,Outlet,Beauty,2128,724,2172,55950.72,9511.62,41403.54,51474.66,194,4,5035.56,4.1,7192
16-02-2026,South,ST-007,Hyderabad Retail Hub,Hyderabad,Outlet,Sports,1119,235,470,24040.5,3365.67,18991.99,27646.57,447,5,1682.84,4.5,991
16-02-2026,South,ST-008,Kochi Retail Hub,Kochi,Mall,Grocery,2859,1172,1758,33859.08,4740.27,27764.45,36906.4,141,9,1354.36,4.0,6243
16-02-2026,South,ST-008,Kochi Retail Hub,Kochi,Mall,Apparel,1278,256,768,34836.48,3832.01,29820.03,35533.21,394,6,1184.44,4.8,6542
16-02-2026,South,ST-008,Kochi Retail Hub,Kochi,Mall,Electronics,1085,228,456,104378.4,8350.27,83346.15,99159.48,356,7,12681.98,2.9,6841
16-02-2026,South,ST-008,Kochi Retail Hub,Kochi,Mall,Home,2060,618,618,44187,2209.35,38884.56,38884.56,150,4,3093.09,3.7,7140
16-02-2026,South,ST-008,Kochi Retail Hub,Kochi,Mall,Beauty,1051,368,920,28593.6,5718.72,21445.2,31738.9,403,1,1429.68,4.1,939
16-02-2026,South,ST-008,Kochi Retail Hub,Kochi,Mall,Sports,1442,317,476,29321.6,4984.67,23457.28,30494.46,656,2,879.65,4.5,1238
16-02-2026,East,ST-009,Kolkata Retail Hub,Kolkata,High Street,Grocery,1512,635,635,11887.2,2020.82,8796.53,11649.46,350,2,1069.85,4.4,6490
16-02-2026,East,ST-009,Kolkata Retail Hub,Kolkata,High Street,Apparel,1601,336,840,37044,5186.16,27449.6,33710.04,603,3,4408.24,4.8,6789
16-02-2026,East,ST-009,Kolkata Retail Hub,Kolkata,High Street,Electronics,1295,285,428,95272.8,10480.01,78361.88,108610.99,471,4,6430.91,3.3,7088
16-02-2026,East,ST-009,Kolkata Retail Hub,Kolkata,High Street,Home,983,305,915,63638.25,5091.06,56638.04,68092.93,359,5,1909.15,3.7,7387
16-02-2026,East,ST-009,Kolkata Retail Hub,Kolkata,High Street,Beauty,1374,247,494,14938.56,746.93,14042.24,14938.56,612,6,149.39,4.1,1186
16-02-2026,East,ST-009,Kolkata Retail Hub,Kolkata,High Street,Sports,1765,406,406,24339.7,4867.94,17524.58,22635.92,865,7,1947.18,4.1,1485
16-02-2026,East,ST-010,Bhubaneswar Retail Hub,Bhubaneswar,Neighborhood,Grocery,1916,824,2472,44940.96,8988.19,33705.72,52580.92,559,7,2247.05,4.0,6737
16-02-2026,East,ST-010,Bhubaneswar Retail Hub,Bhubaneswar,Neighborhood,Apparel,1924,423,846,36242.64,6161.25,28233.01,39866.9,812,0,1848.38,4.8,7036
16-02-2026,East,ST-010,Bhubaneswar Retail Hub,Bhubaneswar,Neighborhood,Electronics,595,137,137,29633.1,4148.63,25084.42,30522.09,173,1,400.05,3.3,7335
16-02-2026,East,ST-010,Bhubaneswar Retail Hub,Bhubaneswar,Neighborhood,Home,1306,418,1045,70642,7770.62,57220.02,67816.32,568,2,5651.36,3.7,1134
16-02-2026,East,ST-010,Bhubaneswar Retail Hub,Bhubaneswar,Neighborhood,Beauty,1697,322,483,14200.2,1136.02,12212.17,12638.18,821,3,852.01,4.1,1433
16-02-2026,East,ST-010,Bhubaneswar Retail Hub,Bhubaneswar,Neighborhood,Sports,2088,501,1503,87624.9,4381.24,79738.66,98139.89,324,4,3505.0,4.5,1732
16-02-2026,East,ST-011,Guwahati Retail Hub,Guwahati,Outlet,Grocery,2320,603,1508,26601.12,1330.06,25005.05,28197.19,768,4,266.01,4.4,6984
16-02-2026,East,ST-011,Guwahati Retail Hub,Guwahati,Outlet,Apparel,2247,517,776,32266.08,6453.22,21424.67,31943.42,271,5,4388.19,4.8,7283
16-02-2026,East,ST-011,Guwahati Retail Hub,Guwahati,Outlet,Electronics,805,193,579,121590,20670.3,91070.91,111862.8,288,6,9848.79,3.3,1082
16-02-2026,East,ST-011,Guwahati Retail Hub,Guwahati,Outlet,Home,1629,538,1076,70639.4,9889.52,57924.3,81235.31,777,7,2825.58,3.3,1381
16-02-2026,East,ST-011,Guwahati Retail Hub,Guwahati,Outlet,Beauty,2020,404,404,11538.24,1269.21,10038.27,12461.3,280,0,230.76,4.1,1680
16-02-2026,East,ST-011,Guwahati Retail Hub,Guwahati,Outlet,Sports,1011,253,632,35802.8,2864.22,29716.33,36160.83,533,1,3222.25,4.5,1979
16-02-2026,East,ST-012,Patna Retail Hub,Patna,Mall,Grocery,2724,735,1470,25137,2010.96,21617.82,23880.15,227,1,1508.22,4.4,7231
16-02-2026,East,ST-012,Patna Retail Hub,Patna,Mall,Apparel,1170,281,281,11329.92,566.5,9992.98,9970.33,480,2,770.44,4.8,1030
16-02-2026,East,ST-012,Patna Retail Hub,Patna,Mall,Electronics,1015,254,635,129349.5,25869.9,99987.16,143577.94,403,3,3492.44,3.3,1329
16-02-2026,East,ST-012,Patna Retail Hub,Patna,Mall,Home,1952,664,996,63445.2,10785.68,46949.45,65983.01,236,4,5710.07,3.7,1628
16-02-2026,East,ST-012,Patna Retail Hub,Patna,Mall,Beauty,943,198,594,16465.68,2305.2,13007.88,15971.71,489,5,1152.6,4.1,1927
16-02-2026,East,ST-012,Patna Retail Hub,Patna,Mall,Sports,1334,347,694,38170,4198.7,32062.8,34353.0,742,6,1908.5,4.5,2226
16-02-2026,West,ST-013,Mumbai Retail Hub,Mumbai,High Street,Grocery,1378,386,579,9588.24,1054.71,8341.77,10930.59,436,6,191.76,4.4,978
16-02-2026,West,ST-013,Mumbai Retail Hub,Mumbai,High Street,Apparel,1493,373,1119,43708.14,3496.65,33524.15,46767.71,689,7,6687.34,4.4,1277
16-02-2026,West,ST-013,Mumbai Retail Hub,Mumbai,High Street,Electronics,1225,318,636,125546.4,6277.32,107404.94,125546.4,106,4,11864.14,3.3,1576
16-02-2026,West,ST-013,Mumbai Retail Hub,Mumbai,High Street,Home,2275,796,796,49153,9830.6,36864.75,45712.29,445,1,2457.65,3.7,1875
16-02-2026,West,ST-013,Mumbai Retail Hub,Mumbai,High Street,Beauty,1266,279,698,18762.24,3189.58,15009.79,21764.2,698,2,562.87,4.1,2174
16-02-2026,West,ST-013,Mumbai Retail Hub,Mumbai,High Street,Sports,1657,447,670,35744.5,5004.23,30382.83,38961.51,201,3,357.44,4.5,2473
16-02-2026,West,ST-014,Pune Retail Hub,Pune,Neighborhood,Grocery,1781,516,516,10309.68,1443.36,8144.64,10618.97,645,3,721.68,4.4,1225
16-02-2026,West,ST-014,Pune Retail Hub,Pune,Neighborhood,Apparel,1816,472,1180,55507.2,6105.79,44683.3,53286.91,148,8,4718.11,4.4,1524
16-02-2026,West,ST-014,Pune Retail Hub,Pune,Neighborhood,Electronics,1435,387,580,137634,11010.72,121049.1,122494.26,221,5,5574.18,3.3,1823
16-02-2026,West,ST-014,Pune Retail Hub,Pune,Neighborhood,Home,1198,216,648,38750.4,1937.52,36425.38,43400.45,654,6,387.5,3.7,2122
16-02-2026,West,ST-014,Pune Retail Hub,Pune,Neighborhood,Beauty,1589,365,730,19009.2,3801.84,13686.62,19959.66,157,11,1520.74,3.7,2421
16-02-2026,West,ST-014,Pune Retail Hub,Pune,Neighborhood,Sports,1980,554,554,28641.8,4869.11,22054.18,28068.96,410,0,1718.51,4.5,2720
16-02-2026,West,ST-015,Ahmedabad Retail Hub,Ahmedabad,Outlet,Grocery,2185,656,1968,38257.92,6503.85,30606.33,35197.29,854,0,1147.74,4.4,1472
16-02-2026,West,ST-015,Ahmedabad Retail Hub,Ahmedabad,Outlet,Apparel,2139,578,1156,52921.68,7409.04,44612.97,60859.93,357,1,899.67,4.8,1771
16-02-2026,West,ST-015,Ahmedabad Retail Hub,Ahmedabad,Outlet,Electronics,734,206,206,47586,5234.46,37212.25,51392.88,336,2,5139.29,3.3,2070
16-02-2026,West,ST-015,Ahmedabad Retail Hub,Ahmedabad,Outlet,Home,1521,289,722,52092.3,4167.38,44799.38,52613.22,863,3,3125.54,3.7,2369
16-02-2026,West,ST-015,Ahmedabad Retail Hub,Ahmedabad,Outlet,Beauty,1912,459,688,21575.68,1078.78,19633.87,20281.14,366,4,863.03,4.1,2668
16-02-2026,West,ST-015,Ahmedabad Retail Hub,Ahmedabad,Outlet,Sports,903,262,786,48849.9,9769.98,38102.92,57154.38,619,5,977.0,4.5,2967
16-02-2026,West,ST-016,Surat Retail Hub,Surat,Mall,Grocery,2589,803,2008,37951.2,7590.24,27324.86,42125.83,313,5,3036.1,4.4,1719
16-02-2026,West,ST-016,Surat Retail Hub,Surat,Mall,Apparel,1062,297,446,19855.92,3375.51,14455.1,20650.16,566,6,2025.31,4.8,2018
16-02-2026,West,ST-016,Surat Retail Hub,Surat,Mall,Electronics,944,274,822,184703.4,25858.48,148870.93,179162.3,450,7,9973.99,2.9,2317
16-02-2026,West,ST-016,Surat Retail Hub,Surat,Mall,Home,1844,369,738,51807.6,5698.84,45072.61,46626.84,322,0,1036.15,3.7,2616
16-02-2026,West,ST-016,Surat Retail Hub,Surat,Mall,Beauty,2235,559,559,17060.68,1364.85,14160.37,19278.57,575,1,1535.46,4.1,2915
16-02-2026,West,ST-016,Surat Retail Hub,Surat,Mall,Sports,1226,368,920,55660,2783.0,48980.8,58999.6,828,2,3896.2,4.5,3214
16-02-2026,Central,ST-017,Bhopal Retail Hub,Bhopal,High Street,Grocery,1242,397,794,14577.84,728.89,13265.84,14577.84,522,2,583.11,4.4,1966
16-02-2026,Central,ST-017,Bhopal Retail Hub,Bhopal,High Street,Apparel,1385,402,402,17390.52,3478.1,13321.14,16173.18,775,3,591.28,4.8,2265
16-02-2026,Central,ST-017,Bhopal Retail Hub,Bhopal,High Street,Electronics,1154,346,865,188916,32115.72,133846.99,219142.56,153,8,22953.29,2.9,2564
16-02-2026,Central,ST-017,Bhopal Retail Hub,Bhopal,High Street,Home,2167,455,682,46546.5,6516.51,36771.73,50735.69,531,5,3258.26,3.7,2863
16-02-2026,Central,ST-017,Bhopal Retail Hub,Bhopal,High Street,Beauty,1158,301,903,26801.04,2948.11,22512.88,27337.06,784,6,1340.05,4.1,3162
16-02-2026,Central,ST-017,Bhopal Retail Hub,Bhopal,High Street,Sports,1549,480,960,56496,4519.68,50281.44,53671.2,287,7,1694.88,4.1,3461
16-02-2026,Central,ST-018,Indore Retail Hub,Indore,Neighborhood,Grocery,1646,543,814,14505.48,1160.44,12039.55,12909.88,731,7,1305.49,4.0,2213
16-02-2026,Central,ST-018,Indore Retail Hub,Indore,Neighborhood,Apparel,1708,512,1536,64512,3225.6,53609.47,72253.44,234,0,7676.93,4.8,2512
16-02-2026,Central,ST-018,Indore Retail Hub,Indore,Neighborhood,Electronics,1364,423,846,179436.6,35887.32,131437.31,188408.43,268,1,12111.97,3.3,2811
16-02-2026,Central,ST-018,Indore Retail Hub,Indore,Neighborhood,Home,1090,240,240,15912,2705.04,12729.6,15593.76,740,2,477.36,3.7,3110
16-02-2026,Central,ST-018,Indore Retail Hub,Indore,Neighborhood,Beauty,1481,400,1000,28840,4037.6,24514.0,26244.4,243,3,288.4,4.1,3409
16-02-2026,Central,ST-018,Indore Retail Hub,Indore,Neighborhood,Sports,1872,599,898,51365.6,5650.22,41606.13,58556.78,496,4,4109.25,4.5,3708
16-02-2026,Central,ST-019,Nagpur Retail Hub,Nagpur,Outlet,Grocery,2050,697,697,12044.16,1324.86,10117.09,13007.69,190,4,602.21,4.4,2460
16-02-2026,Central,ST-019,Nagpur Retail Hub,Nagpur,Outlet,Apparel,2031,630,1575,64165.5,5133.24,55759.83,64807.16,443,5,3272.43,4.8,2759
16-02-2026,Central,ST-019,Nagpur Retail Hub,Nagpur,Outlet,Electronics,664,93,140,28812,1440.6,26982.44,27083.28,383,6,388.96,3.3,3058
16-02-2026,Central,ST-019,Nagpur Retail Hub,Nagpur,Outlet,Home,1413,325,975,62741.25,12548.25,45173.7,73407.26,199,7,5019.3,3.3,3357
16-02-2026,Central,ST-019,Nagpur Retail Hub,Nagpur,Outlet,Beauty,1804,505,1010,28280,4807.6,21775.6,31108.0,452,0,1696.8,4.1,3656
16-02-2026,Central,ST-019,Nagpur Retail Hub,Nagpur,Outlet,Sports,2195,724,724,40218.2,5630.55,32978.92,41424.75,705,1,1608.73,4.5,3955
16-02-2026,Central,ST-020,Raipur Retail Hub,Raipur,Mall,Grocery,2454,859,2577,43138.98,6039.46,36668.13,41844.81,399,1,431.39,4.4,2707
16-02-2026,Central,ST-020,Raipur Retail Hub,Raipur,Mall,Apparel,954,305,610,24082.8,2649.11,18158.44,21674.52,652,2,3275.25,4.8,3006
16-02-2026,Central,ST-020,Raipur Retail Hub,Raipur,Mall,Electronics,874,131,131,26134.5,2090.76,21926.85,29531.98,85,3,2116.89,3.3,3305
16-02-2026,Central,ST-020,Raipur Retail Hub,Raipur,Mall,Home,1736,417,1042,65020.8,3251.04,59168.93,68922.05,408,4,2600.83,3.7,3604
16-02-2026,Central,ST-020,Raipur Retail Hub,Raipur,Mall,Beauty,2127,617,926,25150.16,5030.03,19617.13,24898.66,661,5,503.0,4.1,3903
16-02-2026,Central,ST-020,Raipur Retail Hub,Raipur,Mall,Sports,1118,380,1140,61446,10445.82,45470.04,56530.32,164,10,5530.14,4.1,4202
23-02-2026,North,ST-001,Delhi Retail Hub,Delhi,High Street,Grocery,2569,899,899,16020.18,2242.83,13617.15,16500.79,585,5,160.2,4.3,4995
23-02-2026,North,ST-001,Delhi Retail Hub,Delhi,High Street,Apparel,1046,335,838,35196,3871.56,26537.78,33788.16,838,6,4786.66,4.7,5294
23-02-2026,North,ST-001,Delhi Retail Hub,Delhi,High Street,Electronics,934,140,210,44541,3563.28,37369.9,39641.49,188,7,3607.82,2.8,5593
23-02-2026,North,ST-001,Delhi Retail Hub,Delhi,High Street,Home,1828,439,1317,87317.1,4365.86,79458.56,97795.15,594,0,3492.68,3.6,5892
23-02-2026,North,ST-001,Delhi Retail Hub,Delhi,High Street,Beauty,2219,644,1288,37145.92,7429.18,28973.82,39003.22,847,1,742.92,4.0,6191
23-02-2026,North,ST-001,Delhi Retail Hub,Delhi,High Street,Sports,1210,411,411,23509.2,3996.56,17396.81,23039.02,350,2,2115.83,4.4,6490
23-02-2026,North,ST-002,Jaipur Retail Hub,Jaipur,Neighborhood,Grocery,1222,440,1320,22809.6,3877.63,17563.39,20984.83,794,2,1368.58,4.3,5242
23-02-2026,North,ST-002,Jaipur Retail Hub,Jaipur,Neighborhood,Apparel,1369,452,904,36828.96,5156.05,29168.54,42353.3,297,3,2504.37,4.7,5541
23-02-2026,North,ST-002,Jaipur Retail Hub,Jaipur,Neighborhood,Electronics,1144,183,183,37661.4,4142.75,32501.79,40674.31,302,4,1016.86,3.2,5840
23-02-2026,North,ST-002,Jaipur Retail Hub,Jaipur,Neighborhood,Home,2151,538,1345,86550.75,6924.06,71837.12,87416.26,803,5,7789.57,3.6,6139
23-02-2026,North,ST-002,Jaipur Retail Hub,Jaipur,Neighborhood,Beauty,1142,343,514,14392,719.6,12664.96,13528.48,306,6,1007.44,4.0,6438
23-02-2026,North,ST-002,Jaipur Retail Hub,Jaipur,Neighborhood,Sports,1533,537,1611,89491.05,17898.21,67118.29,104704.53,559,7,4474.55,4.0,6737
23-02-2026,North,ST-003,Lucknow Retail Hub,Lucknow,Outlet,Grocery,1626,602,1505,25193.7,5038.74,19651.09,27965.01,253,7,503.87,3.9,5489
23-02-2026,North,ST-003,Lucknow Retail Hub,Lucknow,Outlet,Apparel,1692,575,862,34031.76,5785.4,23039.5,35393.03,506,0,5206.86,4.7,5788
23-02-2026,North,ST-003,Lucknow Retail Hub,Lucknow,Outlet,Electronics,1354,230,690,137655,19271.7,105374.9,133525.35,417,1,13008.4,3.2,6087
23-02-2026,North,ST-003,Lucknow Retail Hub,Lucknow,Outlet,Home,1074,279,558,34819.2,3830.11,29248.13,31337.28,262,2,1740.96,3.6,6386
23-02-2026,North,ST-003,Lucknow Retail Hub,Lucknow,Outlet,Beauty,1465,454,454,12330.64,986.45,10974.27,13933.62,515,3,369.92,4.0,6685
23-02-2026,North,ST-003,Lucknow Retail Hub,Lucknow,Outlet,Sports,1856,334,835,45006.5,2250.33,42306.11,47706.89,768,4,450.06,4.4,6984
23-02-2026,North,ST-004,Chandigarh Retail Hub,Chandigarh,Mall,Grocery,2030,771,1542,31086.72,1554.34,27356.31,31086.72,462,4,2176.07,4.3,5736
23-02-2026,North,ST-004,Chandigarh Retail Hub,Chandigarh,Mall,Apparel,2015,705,705,33459.3,6691.86,23923.41,31117.15,715,5,2844.03,4.7,6035
23-02-2026,North,ST-004,Chandigarh Retail Hub,Chandigarh,Mall,Electronics,654,118,295,56994,9688.98,44996.76,66113.04,120,6,2308.26,3.2,6334
23-02-2026,North,ST-004,Chandigarh Retail Hub,Chandigarh,Mall,Home,1397,377,566,34214.7,4790.06,29082.49,37294.02,471,7,342.15,3.2,6633
23-02-2026,North,ST-004,Chandigarh Retail Hub,Chandigarh,Mall,Beauty,1788,572,1716,45165.12,4968.16,36583.75,46068.42,724,0,3613.21,4.0,6932
23-02-2026,North,ST-004,Chandigarh Retail Hub,Chandigarh,Mall,Sports,2179,414,828,43263,3461.04,37206.18,41099.85,227,1,2595.78,4.4,7231
23-02-2026,South,ST-005,Bengaluru Retail Hub,Bengaluru,High Street,Grocery,2434,949,1424,27938.88,2235.11,24865.6,24865.6,671,1,838.17,4.3,5983
23-02-2026,South,ST-005,Bengaluru Retail Hub,Bengaluru,High Street,Apparel,938,169,507,23423.4,1171.17,21854.04,26234.21,174,2,398.19,4.7,6282
23-02-2026,South,ST-005,Bengaluru Retail Hub,Bengaluru,High Street,Electronics,864,164,328,76456.8,15291.36,52908.11,80279.64,235,3,8257.33,3.2,6581
23-02-2026,South,ST-005,Bengaluru Retail Hub,Bengaluru,High Street,Home,1720,482,482,35089.6,5965.23,27018.99,34387.81,680,4,2105.38,3.6,6880
23-02-2026,South,ST-005,Bengaluru Retail Hub,Bengaluru,High Street,Beauty,2111,697,1742,55116.88,7716.36,45195.84,50156.36,183,5,2204.68,4.0,7179
23-02-2026,South,ST-005,Bengaluru Retail Hub,Bengaluru,High Street,Sports,1102,220,330,16698,1836.78,14527.26,19035.72,436,6,333.96,4.4,978
23-02-2026,South,ST-006,Chennai Retail Hub,Chennai,Neighborhood,Grocery,2838,1135,1135,21655.8,2382.14,17541.2,23388.26,130,10,1732.46,3.9,6230
23-02-2026,South,ST-006,Chennai Retail Hub,Chennai,Neighborhood,Apparel,1261,240,600,26964,2157.12,22056.55,27233.64,383,7,2750.33,4.3,6529
23-02-2026,South,ST-006,Chennai Retail Hub,Chennai,Neighborhood,Electronics,1074,215,322,73029.6,3651.48,65434.53,68647.82,350,0,3943.59,3.2,6828
23-02-2026,South,ST-006,Chennai Retail Hub,Chennai,Neighborhood,Home,2043,592,1776,125829.6,25165.92,98147.09,147220.63,139,5,2516.59,3.6,7127
23-02-2026,South,ST-006,Chennai Retail Hub,Chennai,Neighborhood,Beauty,1034,352,704,21683.2,3686.14,16045.57,23851.52,392,2,1951.49,4.0,926
23-02-2026,South,ST-006,Chennai Retail Hub,Chennai,Neighborhood,Sports,1425,299,299,18253.95,2555.55,14420.62,18801.57,645,3,1277.78,4.4,1225
23-02-2026,South,ST-007,Hyderabad Retail Hub,Hyderabad,Outlet,Grocery,1491,611,1833,33983.82,4757.73,27866.74,32964.31,339,3,1359.35,4.3,6477
23-02-2026,South,ST-007,Hyderabad Retail Hub,Hyderabad,Outlet,Apparel,1584,317,634,27693.12,3046.24,23705.32,24923.81,592,4,941.56,4.7,6776
23-02-2026,South,ST-007,Hyderabad Retail Hub,Hyderabad,Outlet,Electronics,1284,270,270,59535,4762.8,47538.7,67274.55,465,5,7233.5,3.2,7075
23-02-2026,South,ST-007,Hyderabad Retail Hub,Hyderabad,Outlet,Home,966,290,725,49952.5,2497.62,43958.2,52949.65,348,6,3496.68,3.6,7374
23-02-2026,South,ST-007,Hyderabad Retail Hub,Hyderabad,Outlet,Beauty,1357,475,712,21331.52,4266.3,15998.64,21118.2,601,7,1066.58,3.6,1173
23-02-2026,South,ST-007,Hyderabad Retail Hub,Hyderabad,Outlet,Sports,1748,385,1155,68607,11663.19,54885.6,63118.44,854,0,2058.21,4.4,1472
23-02-2026,South,ST-008,Kochi Retail Hub,Kochi,Mall,Grocery,1895,796,1990,35820,6089.4,26506.8,41551.2,548,0,3223.8,4.3,6724
23-02-2026,South,ST-008,Kochi Retail Hub,Kochi,Mall,Apparel,1907,400,600,25452,3563.28,18859.93,27742.68,801,1,3028.79,4.7,7023
23-02-2026,South,ST-008,Kochi Retail Hub,Kochi,Mall,Electronics,1494,329,987,211415.4,23255.69,173889.17,215643.71,167,6,14270.54,3.2,7322
23-02-2026,South,ST-008,Kochi Retail Hub,Kochi,Mall,Home,1289,400,800,53560,4284.8,47668.4,50882.0,557,3,1606.8,3.6,1121
23-02-2026,South,ST-008,Kochi Retail Hub,Kochi,Mall,Beauty,1680,302,302,8794.24,439.71,8266.59,7738.93,810,4,87.94,4.0,1420
23-02-2026,South,ST-008,Kochi Retail Hub,Kochi,Mall,Sports,2071,476,1190,68722.5,13744.5,49480.2,76281.98,313,5,5497.8,4.4,1719
23-02-2026,East,ST-009,Kolkata Retail Hub,Kolkata,High Street,Grocery,2299,989,1978,34535.88,6907.18,25901.91,36262.67,757,5,1726.79,4.3,6971
23-02-2026,East,ST-009,Kolkata Retail Hub,Kolkata,High Street,Apparel,2230,491,491,20209.56,3435.63,15743.24,19805.37,260,6,1030.69,4.7,7270
23-02-2026,East,ST-009,Kolkata Retail Hub,Kolkata,High Street,Electronics,794,183,458,95218.2,13330.55,80602.21,86648.56,282,7,1285.44,2.8,1069
23-02-2026,East,ST-009,Kolkata Retail Hub,Kolkata,High Street,Home,1612,516,774,50310,5534.1,40751.1,57353.4,766,0,4024.8,3.6,1368
23-02-2026,East,ST-009,Kolkata Retail Hub,Kolkata,High Street,Beauty,2003,381,1143,32324.04,2585.92,27798.68,34586.72,269,1,1939.44,4.0,1667
23-02-2026,East,ST-009,Kolkata Retail Hub,Kolkata,High Street,Sports,994,239,478,26815.8,1340.79,24402.38,26815.8,522,2,1072.63,4.4,1966
23-02-2026,East,ST-010,Bhubaneswar Retail Hub,Bhubaneswar,Neighborhood,Grocery,2702,703,1054,17833.68,891.68,16763.66,16763.66,216,2,178.34,4.3,7218
23-02-2026,East,ST-010,Bhubaneswar Retail Hub,Bhubaneswar,Neighborhood,Apparel,1153,265,795,31720.5,6344.1,21062.41,37112.98,469,3,4313.99,4.7,1017
23-02-2026,East,ST-010,Bhubaneswar Retail Hub,Bhubaneswar,Neighborhood,Electronics,1004,241,482,97171.2,16519.1,72781.24,106888.32,397,4,7870.86,3.2,1316
23-02-2026,East,ST-010,Bhubaneswar Retail Hub,Bhubaneswar,Neighborhood,Home,1935,639,639,40288.95,5640.45,33036.94,41497.62,225,5,1611.56,3.6,1615
23-02-2026,East,ST-010,Bhubaneswar Retail Hub,Bhubaneswar,Neighborhood,Beauty,926,185,462,12677.28,1394.5,11029.23,12170.19,478,6,253.55,4.0,1914
23-02-2026,East,ST-010,Bhubaneswar Retail Hub,Bhubaneswar,Neighborhood,Sports,1317,329,494,26898.3,2151.86,22325.59,23939.49,731,7,2420.85,4.0,2213
23-02-2026,East,ST-011,Guwahati Retail Hub,Guwahati,Outlet,Grocery,1356,366,366,7444.44,595.56,6402.21,8412.22,425,7,446.67,3.9,965
23-02-2026,East,ST-011,Guwahati Retail Hub,Guwahati,Outlet,Apparel,1476,354,885,34196.4,1709.82,30161.22,36248.18,678,0,2325.36,4.7,1264
23-02-2026,East,ST-011,Guwahati Retail Hub,Guwahati,Outlet,Electronics,1214,303,454,88666.2,17733.24,68538.98,87779.54,100,5,2393.98,3.2,1563
23-02-2026,East,ST-011,Guwahati Retail Hub,Guwahati,Outlet,Home,2258,768,2304,140774.4,23931.65,104173.05,129512.45,434,2,12669.7,3.6,1862
23-02-2026,East,ST-011,Guwahati Retail Hub,Guwahati,Outlet,Beauty,1249,262,524,13938.4,1951.38,11011.33,16029.16,687,3,975.69,4.0,2161
23-02-2026,East,ST-011,Guwahati Retail Hub,Guwahati,Outlet,Sports,1640,426,426,22492.8,2474.21,18893.95,24292.22,190,4,1124.64,4.4,2460
23-02-2026,East,ST-012,Patna Retail Hub,Patna,Mall,Grocery,1760,493,1479,29284.2,3221.26,25477.26,29869.88,634,4,585.68,4.3,1212
23-02-2026,East,ST-012,Patna Retail Hub,Patna,Mall,Apparel,1799,450,900,41958,3356.64,32181.79,39860.1,137,9,6419.57,4.3,1511
23-02-2026,East,ST-012,Patna Retail Hub,Patna,Mall,Electronics,1424,370,370,87024,4351.2,74449.03,76581.12,215,6,8223.77,3.2,1810
23-02-2026,East,ST-012,Patna Retail Hub,Patna,Mall,Home,1181,413,1032,75800.4,15160.08,56850.3,84138.44,643,7,3790.02,3.2,2109
23-02-2026,East,ST-012,Patna Retail Hub,Patna,Mall,Beauty,1572,346,519,13369.44,2272.8,10695.56,13904.22,146,4,401.08,4.0,2408
23-02-2026,East,ST-012,Patna Retail Hub,Patna,Mall,Sports,1963,530,1590,81328.5,11385.99,69129.23,78888.64,399,1,813.28,4.4,2707
23-02-2026,West,ST-013,Mumbai Retail Hub,Mumbai,High Street,Grocery,2164,628,1570,30238.2,4233.35,23888.18,27516.76,843,1,2116.67,4.3,1459
23-02-2026,West,ST-013,Mumbai Retail Hub,Mumbai,High Street,Apparel,2122,552,828,37558.08,4131.39,30234.26,42816.21,346,2,3192.43,4.7,1758
23-02-2026,West,ST-013,Mumbai Retail Hub,Mumbai,High Street,Electronics,723,195,585,133906.5,10712.52,117770.76,143279.96,329,3,5423.22,3.2,2057
23-02-2026,West,ST-013,Mumbai Retail Hub,Mumbai,High Street,Home,1504,271,542,38753,1937.65,36427.82,38753.0,852,4,387.53,3.6,2356
23-02-2026,West,ST-013,Mumbai Retail Hub,Mumbai,High Street,Beauty,1895,436,436,13550.88,2710.18,9756.63,12602.32,355,5,1084.07,4.0,2655
23-02-2026,West,ST-013,Mumbai Retail Hub,Mumbai,High Street,Sports,2286,640,1600,98560,16755.2,75891.2,114329.6,608,6,5913.6,4.4,2954
23-02-2026,West,ST-014,Pune Retail Hub,Pune,Neighborhood,Grocery,2568,770,1540,28828.8,4900.9,23063.04,31711.68,302,6,864.86,4.3,1706
23-02-2026,West,ST-014,Pune Retail Hub,Pune,Neighborhood,Apparel,1045,282,282,12436.2,1741.07,10483.72,12809.29,555,7,211.41,4.3,2005
23-02-2026,West,ST-014,Pune Retail Hub,Pune,Neighborhood,Electronics,933,261,652,145135.2,15964.87,113495.72,139329.79,444,0,15674.61,3.2,2304
23-02-2026,West,ST-014,Pune Retail Hub,Pune,Neighborhood,Home,1827,347,520,36166,2893.28,31102.76,32187.74,311,1,2169.96,3.6,2603
23-02-2026,West,ST-014,Pune Retail Hub,Pune,Neighborhood,Beauty,2218,532,1596,48263.04,2413.15,43919.37,54054.6,564,2,1930.52,4.0,2902
23-02-2026,West,ST-014,Pune Retail Hub,Pune,Neighborhood,Sports,1209,351,702,42084.9,8416.98,32826.22,44189.14,817,3,841.7,4.4,3201
23-02-2026,West,ST-015,Ahmedabad Retail Hub,Ahmedabad,Outlet,Grocery,1221,379,568,10326.24,2065.25,7434.89,10222.98,511,3,826.1,4.3,1953
23-02-2026,West,ST-015,Ahmedabad Retail Hub,Ahmedabad,Outlet,Apparel,1368,383,1149,49223.16,8367.94,35834.46,45285.31,764,4,5020.76,4.7,2252
23-02-2026,West,ST-015,Ahmedabad Retail Hub,Ahmedabad,Outlet,Electronics,1143,331,662,143190.6,20046.68,115411.63,164669.19,147,9,7732.29,2.8,2551
23-02-2026,West,ST-015,Ahmedabad Retail Hub,Ahmedabad,Outlet,Home,2150,430,430,29068,3197.48,25289.16,31393.44,520,6,581.36,3.6,2850
23-02-2026,West,ST-015,Ahmedabad Retail Hub,Ahmedabad,Outlet,Beauty,1141,285,712,20932.8,1674.62,17374.23,21142.13,773,7,1883.95,3.6,3149
23-02-2026,West,ST-015,Ahmedabad Retail Hub,Ahmedabad,Outlet,Sports,1532,460,690,40227,2011.35,35399.76,37813.38,276,0,2815.89,4.4,3448
23-02-2026,West,ST-016,Surat Retail Hub,Surat,Mall,Grocery,1625,520,520,9172.8,458.64,8347.25,8072.06,720,0,366.91,4.3,2200
23-02-2026,West,ST-016,Surat Retail Hub,Surat,Mall,Apparel,1691,490,1225,50935.5,10187.1,39016.59,56538.41,223,1,1731.81,4.7,2499
23-02-2026,West,ST-016,Surat Retail Hub,Surat,Mall,Electronics,1353,406,609,127890,21741.3,90610.06,133005.6,262,2,15538.64,3.2,2798
23-02-2026,West,ST-016,Surat Retail Hub,Surat,Mall,Home,1073,225,675,44313.75,6203.92,35007.87,42984.34,729,3,3101.96,3.6,3097
23-02-2026,West,ST-016,Surat Retail Hub,Surat,Mall,Beauty,1464,381,762,21762.72,2393.9,18280.68,19586.45,232,4,1088.14,4.0,3396
23-02-2026,West,ST-016,Surat Retail Hub,Surat,Mall,Sports,1855,575,575,32573.75,2605.9,28990.64,36808.34,485,5,977.21,4.4,3695
23-02-2026,Central,ST-017,Bhopal Retail Hub,Bhopal,High Street,Grocery,2029,670,2010,34371,2749.68,28527.93,36776.97,179,9,3093.39,3.9,2447
23-02-2026,Central,ST-017,Bhopal Retail Hub,Bhopal,High Street,Apparel,2014,604,1208,48706.56,2435.33,40475.15,48706.56,432,6,5796.08,4.7,2746
23-02-2026,Central,ST-017,Bhopal Retail Hub,Bhopal,High Street,Electronics,653,202,202,41147.4,8229.48,30140.47,38267.08,377,7,2777.45,2.8,3045
23-02-2026,Central,ST-017,Bhopal Retail Hub,Bhopal,High Street,Home,1396,307,768,48921.6,8316.67,39137.28,56749.06,188,0,1467.65,3.6,3344
23-02-2026,Central,ST-017,Bhopal Retail Hub,Bhopal,High Street,Beauty,1787,482,723,20041.56,2805.82,17035.32,21845.3,441,1,200.42,4.0,3643
23-02-2026,Central,ST-017,Bhopal Retail Hub,Bhopal,High Street,Sports,2178,697,2091,115005,12650.55,93154.05,117305.1,694,2,9200.4,4.4,3942
23-02-2026,Central,ST-018,Indore Retail Hub,Indore,Neighborhood,Grocery,2432,827,2068,34246.08,3767.07,28766.71,32876.24,388,2,1712.3,4.3,2694
23-02-2026,Central,ST-018,Indore Retail Hub,Indore,Neighborhood,Apparel,937,290,435,16991.1,1359.29,14765.27,15122.08,641,3,866.54,4.7,2993
23-02-2026,Central,ST-018,Indore Retail Hub,Indore,Neighborhood,Electronics,863,121,363,71656.2,3582.81,67106.03,80254.94,79,4,967.36,3.2,3292
23-02-2026,Central,ST-018,Indore Retail Hub,Indore,Neighborhood,Home,1719,395,790,48782.5,9756.5,35123.4,51221.62,397,5,3902.6,3.6,3591
23-02-2026,Central,ST-018,Indore Retail Hub,Indore,Neighborhood,Beauty,2110,591,591,15886.08,2700.63,12232.29,15568.36,650,6,953.16,4.0,3890
23-02-2026,Central,ST-018,Indore Retail Hub,Indore,Neighborhood,Sports,1101,363,908,48441.8,6781.85,39722.28,44082.04,153,11,1937.67,4.0,4189
23-02-2026,Central,ST-019,Nagpur Retail Hub,Nagpur,Outlet,Grocery,2836,993,1986,39680.28,5555.24,33728.24,45632.32,597,7,396.8,3.9,2941
23-02-2026,Central,ST-019,Nagpur Retail Hub,Nagpur,Outlet,Apparel,1260,403,403,18957.12,2085.28,14293.67,20473.69,850,0,2578.17,4.7,3240
23-02-2026,Central,ST-019,Nagpur Retail Hub,Nagpur,Outlet,Electronics,1073,161,402,95394.6,7631.57,80036.06,96348.55,194,1,7726.97,3.2,3539
23-02-2026,Central,ST-019,Nagpur Retail Hub,Nagpur,Outlet,Home,2042,490,735,43953,2197.65,39997.23,41315.82,606,2,1758.12,3.6,3838
23-02-2026,Central,ST-019,Nagpur Retail Hub,Nagpur,Outlet,Beauty,1033,300,900,23436,4687.2,18280.08,27420.12,859,3,468.72,4.0,4137
23-02-2026,Central,ST-019,Nagpur Retail Hub,Nagpur,Outlet,Sports,1424,484,968,50045.6,8507.75,37033.75,55050.16,362,4,4504.1,4.4,4436
23-02-2026,Central,ST-020,Raipur Retail Hub,Raipur,Mall,Grocery,1490,536,804,15629.76,2657.06,12034.91,16254.95,806,4,937.79,4.3,3188
23-02-2026,Central,ST-020,Raipur Retail Hub,Raipur,Mall,Apparel,1583,522,1566,71691.48,10036.81,56779.65,69540.74,309,5,4875.02,4.7,3487
23-02-2026,Central,ST-020,Raipur Retail Hub,Raipur,Mall,Electronics,1283,205,410,94710,10418.1,81734.73,85239.0,309,6,2557.17,3.2,3786
23-02-2026,Central,ST-020,Raipur Retail Hub,Raipur,Mall,Home,965,241,241,17388.15,1391.05,14432.17,19648.61,815,7,1564.93,3.2,4085
23-02-2026,Central,ST-020,Raipur Retail Hub,Raipur,Mall,Beauty,1356,407,1018,31924.48,1596.22,28093.55,33839.95,318,0,2234.71,4.0,4384
23-02-2026,Central,ST-020,Raipur Retail Hub,Raipur,Mall,Sports,1747,611,916,56929.4,11385.88,42697.05,56360.11,571,1,2846.47,4.4,4683
2026-02-03 00:00:00,North,ST-001,Delhi Retail Hub,Delhi,High Street,Grocery,1605,578,1156,19143.36,3254.37,14740.39,21057.7,242,0,1148.6,4.2,5476
2026-02-03 00:00:00,North,ST-001,Delhi Retail Hub,Delhi,High Street,Apparel,1675,553,553,21600.18,3024.03,17107.33,22248.19,495,1,1468.82,4.6,5775
2026-02-03 00:00:00,North,ST-001,Delhi Retail Hub,Delhi,High Street,Electronics,1343,215,538,106201.2,11682.13,91651.64,101953.15,411,2,2867.43,5.0,6074
2026-02-03 00:00:00,North,ST-001,Delhi Retail Hub,Delhi,High Street,Home,1057,264,396,24453,1956.24,20295.99,21763.17,251,3,2200.77,3.5,6373
2026-02-03 00:00:00,North,ST-001,Delhi Retail Hub,Delhi,High Street,Beauty,1448,434,1302,34997.76,1749.89,30798.03,39197.49,504,4,2449.84,3.9,6672
2026-02-03 00:00:00,North,ST-001,Delhi Retail Hub,Delhi,High Street,Sports,1839,644,1288,68714.8,13742.96,51536.1,72150.54,757,5,3435.74,4.3,6971
2026-02-03 00:00:00,North,ST-002,Jaipur Retail Hub,Jaipur,Neighborhood,Grocery,2009,743,1114,22257.72,4451.54,17361.03,22035.14,451,5,445.15,4.2,5723
2026-02-03 00:00:00,North,ST-002,Jaipur Retail Hub,Jaipur,Neighborhood,Apparel,1998,679,2037,95820.48,16289.48,64870.47,88154.84,704,6,14660.53,4.6,6022
2026-02-03 00:00:00,North,ST-002,Jaipur Retail Hub,Jaipur,Neighborhood,Electronics,643,109,218,51731.4,7242.4,39600.38,59491.11,114,7,4888.62,4.6,6321
2026-02-03 00:00:00,North,ST-002,Jaipur Retail Hub,Jaipur,Neighborhood,Home,1380,359,359,21468.2,2361.5,18033.29,23185.66,460,0,1073.41,3.5,6620
2026-02-03 00:00:00,North,ST-002,Jaipur Retail Hub,Jaipur,Neighborhood,Beauty,1771,549,1372,35726.88,2858.15,31796.92,36084.15,713,1,1071.81,3.9,6919
2026-02-03 00:00:00,North,ST-002,Jaipur Retail Hub,Jaipur,Neighborhood,Sports,2162,389,584,30192.8,1509.64,28381.23,28381.23,216,2,301.93,4.3,7218
2026-02-03 00:00:00,North,ST-003,Lucknow Retail Hub,Lucknow,Outlet,Grocery,2412,917,917,17826.48,891.32,15687.31,15687.3,660,2,1247.85,4.2,5970
2026-02-03 00:00:00,North,ST-003,Lucknow Retail Hub,Lucknow,Outlet,Apparel,921,322,805,36852.9,7370.58,26349.82,40906.72,163,7,3132.5,4.2,6269
2026-02-03 00:00:00,North,ST-003,Lucknow Retail Hub,Lucknow,Outlet,Electronics,853,154,231,53361,9071.37,42128.51,55495.44,229,4,2161.12,5.0,6568
2026-02-03 00:00:00,North,ST-003,Lucknow Retail Hub,Lucknow,Outlet,Home,1703,460,1380,99567,13939.38,84631.95,96579.99,669,5,995.67,3.5,6867
2026-02-03 00:00:00,North,ST-003,Lucknow Retail Hub,Lucknow,Outlet,Beauty,2094,670,1340,42022.4,4622.46,34038.15,37820.16,172,10,3361.79,3.5,7166
2026-02-03 00:00:00,North,ST-003,Lucknow Retail Hub,Lucknow,Outlet,Sports,1085,206,206,12802.9,1024.23,11010.5,14467.28,425,7,768.17,3.9,965
2026-02-03 00:00:00,North,ST-004,Chandigarh Retail Hub,Chandigarh,Mall,Grocery,2816,1098,3294,62256.6,4980.53,55408.37,66614.56,869,7,1867.7,3.8,6217
2026-02-03 00:00:00,North,ST-004,Chandigarh Retail Hub,Chandigarh,Mall,Apparel,1244,224,448,19944.96,997.25,18608.65,19944.96,372,0,339.06,4.6,6516
2026-02-03 00:00:00,North,ST-004,Chandigarh Retail Hub,Chandigarh,Mall,Electronics,1063,202,202,45389.4,9077.88,31409.47,42212.14,344,1,4902.05,5.0,6815
2026-02-03 00:00:00,North,ST-004,Chandigarh Retail Hub,Chandigarh,Mall,Home,2026,567,1418,99543.6,16922.41,76648.57,115470.58,128,6,5972.62,3.5,7114
2026-02-03 00:00:00,North,ST-004,Chandigarh Retail Hub,Chandigarh,Mall,Beauty,1017,336,504,15382.08,2153.49,12613.31,16766.47,381,3,615.28,3.9,913
2026-02-03 00:00:00,North,ST-004,Chandigarh Retail Hub,Chandigarh,Mall,Sports,1408,282,846,51183,5630.13,44529.21,52206.66,634,4,1023.66,4.3,1212
2026-02-03 00:00:00,South,ST-005,Bengaluru Retail Hub,Bengaluru,High Street,Grocery,1470,588,1470,26989.2,2968.81,21861.25,25909.63,328,4,2159.14,4.2,6464
2026-02-03 00:00:00,South,ST-005,Bengaluru Retail Hub,Bengaluru,High Street,Apparel,1567,298,447,19337.22,1546.98,15817.85,17210.13,581,5,1972.39,4.6,6763
2026-02-03 00:00:00,South,ST-005,Bengaluru Retail Hub,Bengaluru,High Street,Electronics,1273,255,765,167076,8353.8,149700.1,187125.12,459,6,9022.1,5.0,7062
2026-02-03 00:00:00,South,ST-005,Bengaluru Retail Hub,Bengaluru,High Street,Home,949,275,550,37537.5,7507.5,29279.25,39414.38,337,7,750.75,3.1,7361
2026-02-03 00:00:00,South,ST-005,Bengaluru Retail Hub,Bengaluru,High Street,Beauty,1340,456,456,13534.08,2300.79,10015.22,13263.4,590,0,1218.07,3.9,1160
2026-02-03 00:00:00,South,ST-005,Bengaluru Retail Hub,Bengaluru,High Street,Sports,1731,364,910,53553.5,7497.49,42307.26,48733.69,843,1,3748.75,4.3,1459
2026-02-03 00:00:00,South,ST-006,Chennai Retail Hub,Chennai,Neighborhood,Grocery,1874,768,1536,27371.52,3832.01,22444.65,31477.25,537,1,1094.86,4.2,6711
2026-02-03 00:00:00,South,ST-006,Chennai Retail Hub,Chennai,Neighborhood,Apparel,1890,378,378,15876,1746.36,13589.86,17146.08,790,2,539.78,4.6,7010
2026-02-03 00:00:00,South,ST-006,Chennai Retail Hub,Chennai,Neighborhood,Electronics,1483,311,778,165013.8,13201.1,131763.53,166663.94,161,7,20049.17,4.6,7309
2026-02-03 00:00:00,South,ST-006,Chennai Retail Hub,Chennai,Neighborhood,Home,1272,382,573,37989.9,1899.5,33431.11,35710.51,546,4,2659.29,3.5,1108
2026-02-03 00:00:00,South,ST-006,Chennai Retail Hub,Chennai,Neighborhood,Beauty,1663,582,1746,50354.64,10070.93,37765.98,58914.93,799,5,2517.73,3.9,1407
2026-02-03 00:00:00,South,ST-006,Chennai Retail Hub,Chennai,Neighborhood,Sports,2054,452,904,51708.8,8790.5,41367.04,56879.68,302,6,1551.26,4.3,1706
2026-02-03 00:00:00,South,ST-007,Hyderabad Retail Hub,Hyderabad,Outlet,Grocery,2278,957,1436,24814.08,4218.39,18362.42,25806.64,746,6,2233.27,4.2,6958
2026-02-03 00:00:00,South,ST-007,Hyderabad Retail Hub,Hyderabad,Outlet,Apparel,2213,465,1395,56832.3,7956.52,42112.74,55127.33,249,7,6763.04,4.2,7257
2026-02-03 00:00:00,South,ST-007,Hyderabad Retail Hub,Hyderabad,Outlet,Electronics,783,172,344,70795.2,7787.47,58229.05,63715.68,276,0,4778.68,5.0,1056
2026-02-03 00:00:00,South,ST-007,Hyderabad Retail Hub,Hyderabad,Outlet,Home,1595,494,494,31788.9,2543.11,28292.12,35921.46,755,1,953.67,3.5,1355
2026-02-03 00:00:00,South,ST-007,Hyderabad Retail Hub,Hyderabad,Outlet,Beauty,1986,357,892,24976,1248.8,23477.44,26474.56,258,2,249.76,3.9,1654
2026-02-03 00:00:00,South,ST-007,Hyderabad Retail Hub,Hyderabad,Outlet,Sports,977,225,338,18775.9,3755.18,13518.65,18588.14,511,3,1502.07,4.3,1953
2026-02-03 00:00:00,South,ST-008,Kochi Retail Hub,Kochi,Mall,Grocery,2681,1153,1153,19301.22,3860.24,14475.92,17950.13,205,3,965.06,4.2,7205
2026-02-03 00:00:00,South,ST-008,Kochi Retail Hub,Kochi,Mall,Apparel,1136,250,625,24675,4194.75,19221.83,28623.0,458,4,1258.42,4.6,1004
2026-02-03 00:00:00,South,ST-008,Kochi Retail Hub,Kochi,Mall,Electronics,993,228,342,68229,9552.06,57755.85,74369.61,391,5,921.09,5.0,1303
2026-02-03 00:00:00,South,ST-008,Kochi Retail Hub,Kochi,Mall,Home,1918,614,1842,114940.8,12643.49,93102.05,117239.62,214,6,9195.26,3.5,1602
2026-02-03 00:00:00,South,ST-008,Kochi Retail Hub,Kochi,Mall,Beauty,909,173,346,9397.36,751.79,8081.73,8927.49,467,7,563.84,3.5,1901
2026-02-03 00:00:00,South,ST-008,Kochi Retail Hub,Kochi,Mall,Sports,1300,312,312,16816.8,840.84,15303.29,14798.78,720,0,672.67,4.3,2200
2026-02-03 00:00:00,East,ST-009,Kolkata Retail Hub,Kolkata,High Street,Grocery,1335,347,1041,20986.56,1049.33,19727.36,23504.95,414,0,209.87,4.2,952
2026-02-03 00:00:00,East,ST-009,Kolkata Retail Hub,Kolkata,High Street,Apparel,1459,336,672,31893.12,6378.62,21177.04,33487.78,667,1,4337.46,4.6,1251
2026-02-03 00:00:00,East,ST-009,Kolkata Retail Hub,Kolkata,High Street,Electronics,1202,288,288,55641.6,9459.07,41675.55,54528.77,94,6,4506.98,5.0,1550
2026-02-03 00:00:00,East,ST-009,Kolkata Retail Hub,Kolkata,High Street,Home,2241,740,1850,111832.5,15656.55,91702.65,101767.58,423,3,4473.3,3.5,1849
2026-02-03 00:00:00,East,ST-009,Kolkata Retail Hub,Kolkata,High Street,Beauty,1232,246,369,9712.08,1068.33,8449.51,11071.77,676,4,194.24,3.9,2148
2026-02-03 00:00:00,East,ST-009,Kolkata Retail Hub,Kolkata,High Street,Sports,1623,406,1218,63640.5,5091.24,52821.62,68095.34,179,9,5727.64,3.9,2447
2026-02-03 00:00:00,East,ST-010,Bhubaneswar Retail Hub,Bhubaneswar,Neighborhood,Grocery,1739,470,1175,23053.5,1844.28,19826.01,23284.04,623,5,1383.21,4.2,1199
2026-02-03 00:00:00,East,ST-010,Bhubaneswar Retail Hub,Bhubaneswar,Neighborhood,Apparel,1782,428,642,29660.4,1483.02,26160.47,27880.78,126,10,2016.91,4.2,1498
2026-02-03 00:00:00,East,ST-010,Bhubaneswar Retail Hub,Bhubaneswar,Neighborhood,Electronics,1412,353,1059,246852.9,49370.58,190817.29,288817.89,208,7,6665.03,4.6,1797
2026-02-03 00:00:00,East,ST-010,Bhubaneswar Retail Hub,Bhubaneswar,Neighborhood,Home,1164,396,792,57657.6,9801.79,42666.63,63423.36,632,0,5189.18,3.5,2096
2026-02-03 00:00:00,East,ST-010,Bhubaneswar Retail Hub,Bhubaneswar,Neighborhood,Beauty,1555,327,327,10346.28,1448.48,8173.56,10656.67,135,5,724.24,3.9,2395
2026-02-03 00:00:00,East,ST-010,Bhubaneswar Retail Hub,Bhubaneswar,Neighborhood,Sports,1946,506,1265,64009,7040.99,53767.56,61448.64,388,2,3200.45,4.3,2694
2026-02-03 00:00:00,East,ST-011,Guwahati Retail Hub,Guwahati,Outlet,Grocery,2142,600,1200,22896,2518.56,19919.52,20606.4,832,2,457.92,4.2,1446
2026-02-03 00:00:00,East,ST-011,Guwahati Retail Hub,Guwahati,Outlet,Apparel,2105,526,526,23638.44,1891.08,18130.68,26711.44,335,3,3616.68,4.6,1745
2026-02-03 00:00:00,East,ST-011,Guwahati Retail Hub,Guwahati,Outlet,Electronics,712,185,462,104781.6,5239.08,89640.66,111068.5,323,4,9901.86,5.0,2044
2026-02-03 00:00:00,East,ST-011,Guwahati Retail Hub,Guwahati,Outlet,Home,1487,520,780,55263,11052.6,41447.25,54710.37,841,5,2763.15,3.5,2343
2026-02-03 00:00:00,East,ST-011,Guwahati Retail Hub,Guwahati,Outlet,Beauty,1878,413,1239,38161.2,6487.4,30528.96,35108.3,344,6,1144.84,3.9,2642
2026-02-03 00:00:00,East,ST-011,Guwahati Retail Hub,Guwahati,Outlet,Sports,2269,613,1226,74847.3,10478.62,63620.21,86074.39,597,7,748.47,3.9,2941
2026-02-03 00:00:00,East,ST-012,Patna Retail Hub,Patna,Mall,Grocery,2546,738,1107,20523.78,2873.33,16213.79,22370.92,291,7,1436.66,3.8,1693
2026-02-03 00:00:00,East,ST-012,Patna Retail Hub,Patna,Mall,Apparel,1028,267,801,34987.68,3848.64,28165.09,35687.43,544,0,2973.95,4.6,1992
2026-02-03 00:00:00,East,ST-012,Patna Retail Hub,Patna,Mall,Electronics,922,249,498,109809,8784.72,96577.02,104318.55,438,1,4447.26,5.0,2291
2026-02-03 00:00:00,East,ST-012,Patna Retail Hub,Patna,Mall,Home,1810,326,326,22461.4,1123.07,21113.72,19766.03,300,2,224.61,3.5,2590
2026-02-03 00:00:00,East,ST-012,Patna Retail Hub,Patna,Mall,Beauty,2201,506,1265,37899.4,7579.88,27287.57,42068.33,553,3,3031.95,3.9,2889
2026-02-03 00:00:00,East,ST-012,Patna Retail Hub,Patna,Mall,Sports,1192,334,501,29759.4,5059.1,22914.74,30949.78,806,4,1785.56,4.3,3188
2026-02-03 00:00:00,West,ST-013,Mumbai Retail Hub,Mumbai,High Street,Grocery,1200,360,360,6480,1101.6,5184.0,6350.4,500,4,194.4,4.2,1940
2026-02-03 00:00:00,West,ST-013,Mumbai Retail Hub,Mumbai,High Street,Apparel,1351,365,912,38687.04,5416.19,32613.17,35205.21,753,5,657.68,4.6,2239
2026-02-03 00:00:00,West,ST-013,Mumbai Retail Hub,Mumbai,High Street,Electronics,1132,317,476,101959.2,11215.51,79732.09,116233.49,141,10,11011.6,4.6,2538
2026-02-03 00:00:00,West,ST-013,Mumbai Retail Hub,Mumbai,High Street,Home,2133,405,1215,81344.25,6507.54,69956.05,87038.35,509,7,4880.66,3.1,2837
2026-02-03 00:00:00,West,ST-013,Mumbai Retail Hub,Mumbai,High Street,Beauty,1124,270,540,15724.8,786.24,14309.57,15724.8,762,0,628.99,3.9,3136
2026-02-03 00:00:00,West,ST-013,Mumbai Retail Hub,Mumbai,High Street,Sports,1515,439,439,25352.25,5070.45,19774.76,23577.59,265,1,507.04,4.3,3435
2026-02-03 00:00:00,West,ST-014,Pune Retail Hub,Pune,Neighborhood,Grocery,1604,497,1491,26032.86,5206.57,18743.66,30458.45,709,1,2082.63,4.2,2187
2026-02-03 00:00:00,West,ST-014,Pune Retail Hub,Pune,Neighborhood,Apparel,1674,469,938,38608.08,6563.37,28106.69,42468.89,212,2,3938.02,4.6,2486
2026-02-03 00:00:00,West,ST-014,Pune Retail Hub,Pune,Neighborhood,Electronics,1342,389,389,80873.1,11322.23,65183.73,83299.29,256,3,4367.14,5.0,2785
2026-02-03 00:00:00,West,ST-014,Pune Retail Hub,Pune,Neighborhood,Home,1056,211,528,34320,3775.2,29858.4,32947.2,718,4,686.4,3.5,3084
2026-02-03 00:00:00,West,ST-014,Pune Retail Hub,Pune,Neighborhood,Beauty,1447,362,543,15356.04,1228.48,12745.52,13666.88,221,5,1382.04,3.9,3383
2026-02-03 00:00:00,West,ST-014,Pune Retail Hub,Pune,Neighborhood,Sports,1838,551,1653,92733.3,4636.66,81605.31,103861.3,474,6,6491.33,4.3,3682
2026-02-03 00:00:00,West,ST-015,Ahmedabad Retail Hub,Ahmedabad,Outlet,Grocery,2008,643,1608,27207.36,1360.37,24758.7,28839.8,168,10,1088.29,3.8,2434
2026-02-03 00:00:00,West,ST-015,Ahmedabad Retail Hub,Ahmedabad,Outlet,Apparel,1997,579,868,34633.2,6926.64,26529.04,34286.87,421,7,1177.52,4.2,2733
2026-02-03 00:00:00,West,ST-015,Ahmedabad Retail Hub,Ahmedabad,Outlet,Electronics,642,193,579,116726.4,19843.49,82700.65,107388.29,371,0,14182.26,5.0,3032
2026-02-03 00:00:00,West,ST-015,Ahmedabad Retail Hub,Ahmedabad,Outlet,Home,1379,290,580,36569,5119.66,28889.51,42054.35,177,5,2559.83,3.5,3331
2026-02-03 00:00:00,West,ST-015,Ahmedabad Retail Hub,Ahmedabad,Outlet,Beauty,1770,460,460,12622.4,1388.46,10602.82,13632.19,430,2,631.12,3.9,3630
2026-02-03 00:00:00,West,ST-015,Ahmedabad Retail Hub,Ahmedabad,Outlet,Sports,2161,670,1675,91203.75,7296.3,81171.34,92115.79,683,3,2736.11,4.3,3929
2026-02-03 00:00:00,West,ST-016,Surat Retail Hub,Surat,Mall,Grocery,2411,796,1592,32381.28,2590.5,26876.46,30762.22,377,3,2914.32,4.2,2681
2026-02-03 00:00:00,West,ST-016,Surat Retail Hub,Surat,Mall,Apparel,920,276,276,10664.64,533.23,8862.33,9384.88,630,4,1269.08,4.6,2980
2026-02-03 00:00:00,West,ST-016,Surat Retail Hub,Surat,Mall,Electronics,852,264,660,128898,25779.6,94417.78,143076.78,73,9,8700.62,4.6,3279
2026-02-03 00:00:00,West,ST-016,Surat Retail Hub,Surat,Mall,Home,1702,374,561,34277.1,5827.11,27421.68,35648.18,386,6,1028.31,3.5,3578
2026-02-03 00:00:00,West,ST-016,Surat Retail Hub,Surat,Mall,Beauty,2093,565,1695,45087,6312.18,38323.95,43734.39,639,7,450.87,3.5,3877
2026-02-03 00:00:00,West,ST-016,Surat Retail Hub,Surat,Mall,Sports,1084,347,694,36643.2,4030.75,29680.99,32978.88,142,4,2931.46,4.3,4176
2026-02-03 00:00:00,Central,ST-017,Bhopal Retail Hub,Bhopal,High Street,Grocery,2815,957,1436,28432.8,3127.61,23883.55,32413.39,586,0,1421.64,4.2,2928
2026-02-03 00:00:00,Central,ST-017,Bhopal Retail Hub,Bhopal,High Street,Apparel,1243,385,1155,53846.1,4307.69,46792.26,57615.33,839,1,2746.15,4.6,3227
2026-02-03 00:00:00,Central,ST-017,Bhopal Retail Hub,Bhopal,High Street,Electronics,1062,149,298,70089.6,3504.48,65638.9,70089.6,188,2,946.22,5.0,3526
2026-02-03 00:00:00,Central,ST-017,Bhopal Retail Hub,Bhopal,High Street,Home,2025,466,466,34227.7,6845.54,24643.94,31831.76,595,3,2738.22,3.5,3825
2026-02-03 00:00:00,Central,ST-017,Bhopal Retail Hub,Bhopal,High Street,Beauty,1016,284,710,18289.6,3109.23,14082.99,21215.94,848,4,1097.38,3.9,4124
2026-02-03 00:00:00,Central,ST-017,Bhopal Retail Hub,Bhopal,High Street,Sports,1407,464,696,35600.4,4984.06,29192.32,38804.44,351,5,1424.02,4.3,4423
2026-02-03 00:00:00,Central,ST-018,Indore Retail Hub,Indore,Neighborhood,Grocery,1469,514,514,9899.64,1385.95,8414.69,10196.63,795,5,99.0,4.2,3175
2026-02-03 00:00:00,Central,ST-018,Indore Retail Hub,Indore,Neighborhood,Apparel,1566,501,1252,56790.72,6246.98,42820.2,54519.09,298,6,7723.54,4.6,3474
2026-02-03 00:00:00,Central,ST-018,Indore Retail Hub,Indore,Neighborhood,Electronics,1272,191,286,65465.4,5237.23,54925.48,58264.21,303,7,5302.69,4.6,3773
2026-02-03 00:00:00,Central,ST-018,Indore Retail Hub,Indore,Neighborhood,Home,948,228,684,48906,2445.3,44504.46,54774.72,804,0,1956.24,3.5,4072
2026-02-03 00:00:00,Central,ST-018,Indore Retail Hub,Indore,Neighborhood,Beauty,1339,388,776,24118.08,4823.62,18812.1,25323.98,307,1,482.36,3.9,4371
2026-02-03 00:00:00,Central,ST-018,Indore Retail Hub,Indore,Neighborhood,Sports,1730,588,588,36220.8,6157.54,26803.39,35496.38,560,2,3259.87,4.3,4670
2026-02-03 00:00:00,Central,ST-019,Nagpur Retail Hub,Nagpur,Outlet,Grocery,1872,674,2022,37851.84,6434.81,29145.92,34823.69,254,2,2271.11,4.2,3422
2026-02-03 00:00:00,Central,ST-019,Nagpur Retail Hub,Nagpur,Outlet,Apparel,1889,623,1246,54948.6,7692.8,43519.3,63190.89,507,3,3736.5,4.6,3721
2026-02-03 00:00:00,Central,ST-019,Nagpur Retail Hub,Nagpur,Outlet,Electronics,1482,237,237,52756.2,5803.18,45528.61,56976.7,418,4,1424.41,5.0,4020
2026-02-03 00:00:00,Central,ST-019,Nagpur Retail Hub,Nagpur,Outlet,Home,1271,318,795,55292.25,4423.38,45892.57,55845.17,263,5,4976.3,3.5,4319
2026-02-03 00:00:00,Central,ST-019,Nagpur Retail Hub,Nagpur,Outlet,Beauty,1662,499,748,22619.52,1130.98,19905.17,21262.35,516,6,1583.37,3.9,4618
2026-02-03 00:00:00,Central,ST-019,Nagpur Retail Hub,Nagpur,Outlet,Sports,2053,719,2157,129312.15,25862.43,96984.11,151295.22,769,7,6465.61,3.9,4917
2026-02-03 00:00:00,Central,ST-020,Raipur Retail Hub,Raipur,Mall,Grocery,2276,842,2105,38268.9,7653.78,29849.74,42478.48,463,7,765.38,3.8,3669
2026-02-03 00:00:00,Central,ST-020,Raipur Retail Hub,Raipur,Mall,Apparel,2212,752,1128,48323.52,8215.0,32715.02,50256.46,716,0,7393.5,4.6,3968
2026-02-03 00:00:00,Central,ST-020,Raipur Retail Hub,Raipur,Mall,Electronics,782,133,399,86303.7,12082.52,66065.48,83714.59,120,1,8155.7,5.0,4267
2026-02-03 00:00:00,Central,ST-020,Raipur Retail Hub,Raipur,Mall,Home,1594,414,828,55972.8,6157.01,47017.15,50375.52,472,2,2798.64,3.5,4566
2026-02-03 00:00:00,Central,ST-020,Raipur Retail Hub,Raipur,Mall,Beauty,1985,615,615,18081,1446.48,16092.09,20431.53,725,3,542.43,3.9,4865
2026-02-03 00:00:00,Central,ST-020,Raipur Retail Hub,Raipur,Mall,Sports,976,176,440,25652,1282.6,24112.88,27191.12,228,4,256.52,4.3,5164
2026-09-03 00:00:00,North,ST-001,Delhi Retail Hub,Delhi,High Street,Grocery,2391,885,2655,51135.3,10227.06,39885.53,59828.3,649,3,1022.71,4.1,5957
2026-09-03 00:00:00,North,ST-001,Delhi Retail Hub,Delhi,High Street,Apparel,904,307,614,27851.04,4734.68,18855.16,30636.14,152,8,4261.2,4.1,6256
2026-09-03 00:00:00,North,ST-001,Delhi Retail Hub,Delhi,High Street,Electronics,842,143,143,32732.7,4582.58,25056.88,33714.68,223,5,3093.24,4.9,6555
2026-09-03 00:00:00,North,ST-001,Delhi Retail Hub,Delhi,High Street,Home,1686,438,1095,78292.5,8612.17,65765.71,75160.8,658,6,3914.62,3.4,6854
2026-09-03 00:00:00,North,ST-001,Delhi Retail Hub,Delhi,High Street,Beauty,2077,644,966,30023.28,2401.86,26720.72,26720.72,161,11,900.7,3.4,7153
2026-09-03 00:00:00,North,ST-001,Delhi Retail Hub,Delhi,High Street,Sports,1068,192,576,35481.6,1774.08,33352.7,39739.39,414,0,354.82,4.2,952
2026-09-03 00:00:00,North,ST-002,Jaipur Retail Hub,Jaipur,Neighborhood,Grocery,2795,1062,2655,49701.6,2485.08,43737.41,52683.7,858,0,3479.11,4.1,6204
2026-09-03 00:00:00,North,ST-002,Jaipur Retail Hub,Jaipur,Neighborhood,Apparel,1227,429,644,28400.4,5680.08,20306.29,28116.4,361,1,2414.03,4.5,6503
2026-09-03 00:00:00,North,ST-002,Jaipur Retail Hub,Jaipur,Neighborhood,Electronics,1052,189,567,126214.2,21456.41,99646.11,116117.06,338,2,5111.68,4.9,6802
2026-09-03 00:00:00,North,ST-002,Jaipur Retail Hub,Jaipur,Neighborhood,Home,2009,542,1084,75392.2,10554.91,64083.37,86701.03,867,3,753.92,3.4,7101
2026-09-03 00:00:00,North,ST-002,Jaipur Retail Hub,Jaipur,Neighborhood,Beauty,1000,320,320,9676.8,1064.45,7838.21,10450.94,370,4,774.14,3.8,900
2026-09-03 00:00:00,North,ST-002,Jaipur Retail Hub,Jaipur,Neighborhood,Sports,1391,264,660,39567,3165.36,34027.62,39962.67,623,5,2374.02,4.2,1199
2026-09-03 00:00:00,North,ST-003,Lucknow Retail Hub,Lucknow,Outlet,Grocery,1449,565,1130,20543.4,1643.47,18283.63,19516.23,317,5,616.3,4.1,6451
2026-09-03 00:00:00,North,ST-003,Lucknow Retail Hub,Lucknow,Outlet,Apparel,1550,279,279,11952.36,597.62,11151.56,10518.08,570,6,203.18,4.5,6750
2026-09-03 00:00:00,North,ST-003,Lucknow Retail Hub,Lucknow,Outlet,Electronics,1262,240,600,129780,25956.0,89807.76,144055.8,453,7,14016.24,4.5,7049
2026-09-03 00:00:00,North,ST-003,Lucknow Retail Hub,Lucknow,Outlet,Home,932,261,392,26499.2,4504.86,20404.39,27559.17,326,0,1589.95,3.4,7348
2026-09-03 00:00:00,North,ST-003,Lucknow Retail Hub,Lucknow,Outlet,Beauty,1323,437,1311,38543.4,5396.08,31605.58,37387.1,579,1,1541.74,3.8,1147
2026-09-03 00:00:00,North,ST-003,Lucknow Retail Hub,Lucknow,Outlet,Sports,1714,343,686,39993.8,4399.32,34794.6,35994.42,832,2,799.88,4.2,1446
2026-09-03 00:00:00,North,ST-004,Chandigarh Retail Hub,Chandigarh,Mall,Grocery,1852,741,1112,19615.68,2157.72,15888.71,22361.88,526,2,1569.25,4.1,6698
2026-09-03 00:00:00,North,ST-004,Chandigarh Retail Hub,Chandigarh,Mall,Apparel,1873,356,1068,44407.44,3552.6,36325.28,47515.96,779,3,4529.56,4.5,6997
2026-09-03 00:00:00,North,ST-004,Chandigarh Retail Hub,Chandigarh,Mall,Electronics,1472,294,588,123480,6174.0,110638.08,123480.0,155,8,6667.92,4.5,7296
2026-09-03 00:00:00,North,ST-004,Chandigarh Retail Hub,Chandigarh,Mall,Home,1255,364,364,23896.6,4779.32,18639.35,22223.84,535,5,477.93,3.4,1095
2026-09-03 00:00:00,North,ST-004,Chandigarh Retail Hub,Chandigarh,Mall,Beauty,1646,560,1400,39984,6797.28,29588.16,46381.44,788,6,3598.56,3.8,1394
2026-09-03 00:00:00,North,ST-004,Chandigarh Retail Hub,Chandigarh,Mall,Sports,2037,428,642,36369.3,5091.7,28731.75,39642.54,291,7,2545.85,3.8,1693
2026-09-03 00:00:00,South,ST-005,Bengaluru Retail Hub,Bengaluru,High Street,Grocery,2256,925,925,15817.5,2214.45,12970.35,16292.02,735,7,632.7,3.7,6945
2026-09-03 00:00:00,South,ST-005,Bengaluru Retail Hub,Bengaluru,High Street,Apparel,2196,439,1098,44271.36,4869.85,37896.28,42500.51,238,0,1505.23,4.5,7244
2026-09-03 00:00:00,South,ST-005,Bengaluru Retail Hub,Bengaluru,High Street,Electronics,772,162,243,49499.1,3959.93,39525.03,44054.2,270,1,6014.14,4.9,1043
2026-09-03 00:00:00,South,ST-005,Bengaluru Retail Hub,Bengaluru,High Street,Home,1578,473,1419,90390.3,4519.52,79543.46,101237.14,744,2,6327.32,3.4,1342
2026-09-03 00:00:00,South,ST-005,Bengaluru Retail Hub,Bengaluru,High Street,Beauty,1969,689,1378,38198.16,7639.63,28648.62,40108.07,247,3,1909.91,3.8,1641
2026-09-03 00:00:00,South,ST-005,Bengaluru Retail Hub,Bengaluru,High Street,Sports,960,211,211,11605,1972.85,9284.0,11372.9,500,4,348.15,4.2,1940
2026-09-03 00:00:00,South,ST-006,Chennai Retail Hub,Chennai,Neighborhood,Grocery,2660,1117,3351,55492.56,9433.74,41064.49,51053.16,194,4,4994.33,4.1,7192
2026-09-03 00:00:00,South,ST-006,Chennai Retail Hub,Chennai,Neighborhood,Apparel,1119,235,470,18358.2,2570.15,13603.43,21111.93,447,5,2184.62,4.5,991
2026-09-03 00:00:00,South,ST-006,Chennai Retail Hub,Chennai,Neighborhood,Electronics,982,216,216,42638.4,4690.22,35070.09,46049.47,385,6,2878.09,4.9,1290
2026-09-03 00:00:00,South,ST-006,Chennai Retail Hub,Chennai,Neighborhood,Home,1901,589,1472,90896,7271.68,80897.44,91804.96,203,7,2726.88,3.0,1589
2026-09-03 00:00:00,South,ST-006,Chennai Retail Hub,Chennai,Neighborhood,Beauty,2292,413,620,16665.6,833.28,15665.66,15665.66,456,0,166.66,3.8,1888
2026-09-03 00:00:00,South,ST-006,Chennai Retail Hub,Chennai,Neighborhood,Sports,1283,295,885,47214.75,9442.95,33994.62,55241.26,709,1,3777.18,4.2,2187
2026-09-03 00:00:00,South,ST-007,Hyderabad Retail Hub,Hyderabad,Outlet,Grocery,1314,565,1412,28211.76,5642.35,21158.82,31315.05,403,1,1410.59,4.1,939
2026-09-03 00:00:00,South,ST-007,Hyderabad Retail Hub,Hyderabad,Outlet,Apparel,1442,317,476,22391.04,3806.48,17442.62,23286.68,656,2,1141.94,4.5,1238
2026-09-03 00:00:00,South,ST-007,Hyderabad Retail Hub,Hyderabad,Outlet,Electronics,1191,274,822,195060.6,27308.48,165118.8,189208.78,87,7,2633.32,4.5,1537
2026-09-03 00:00:00,South,ST-007,Hyderabad Retail Hub,Hyderabad,Outlet,Home,2224,712,1424,85155.2,9367.07,68975.71,76639.68,412,4,6812.42,3.4,1836
2026-09-03 00:00:00,South,ST-007,Hyderabad Retail Hub,Hyderabad,Outlet,Beauty,1215,231,231,6015.24,481.22,5173.11,6797.22,665,5,360.91,3.8,2135
2026-09-03 00:00:00,South,ST-007,Hyderabad Retail Hub,Hyderabad,Outlet,Sports,1606,385,962,49735.4,2486.77,45259.21,52719.52,168,10,1989.42,3.8,2434
2026-09-03 00:00:00,South,ST-008,Kochi Retail Hub,Kochi,Mall,Grocery,1718,447,894,17379.36,868.97,16336.6,17379.36,612,6,173.79,4.1,1186
2026-09-03 00:00:00,South,ST-008,Kochi Retail Hub,Kochi,Mall,Apparel,1765,406,406,18586.68,3717.34,12341.56,17285.61,865,7,2527.78,4.1,1485
2026-09-03 00:00:00,South,ST-008,Kochi Retail Hub,Kochi,Mall,Electronics,1401,336,840,194040,32986.8,145335.96,225086.4,202,0,15717.24,4.9,1784
2026-09-03 00:00:00,South,ST-008,Kochi Retail Hub,Kochi,Mall,Home,1147,379,568,40981.2,5737.37,33604.58,44669.51,621,1,1639.25,3.4,2083
2026-09-03 00:00:00,South,ST-008,Kochi Retail Hub,Kochi,Mall,Beauty,1538,308,924,28976.64,3187.43,25209.68,29556.17,124,6,579.53,3.8,2382
2026-09-03 00:00:00,South,ST-008,Kochi Retail Hub,Kochi,Mall,Sports,1929,482,964,59912.6,4793.01,49727.46,56916.97,377,3,5392.13,4.2,2681
2026-09-03 00:00:00,East,ST-009,Kolkata Retail Hub,Kolkata,High Street,Grocery,2121,573,860,16254,1300.32,13978.44,14466.06,821,3,975.24,4.1,1433
2026-09-03 00:00:00,East,ST-009,Kolkata Retail Hub,Kolkata,High Street,Apparel,2088,501,1503,66913.56,3345.68,59017.76,74943.19,324,4,4550.12,4.5,1732
2026-09-03 00:00:00,East,ST-009,Kolkata Retail Hub,Kolkata,High Street,Electronics,701,175,350,78645,15729.0,60792.58,82577.25,317,5,2123.42,4.9,2031
2026-09-03 00:00:00,East,ST-009,Kolkata Retail Hub,Kolkata,High Street,Home,1470,500,500,35100,5967.0,25974.0,34398.0,830,6,3159.0,3.4,2330
2026-09-03 00:00:00,East,ST-009,Kolkata Retail Hub,Kolkata,High Street,Beauty,1861,391,978,29848.56,4178.8,23580.36,27162.19,333,7,2089.4,3.4,2629
2026-09-03 00:00:00,East,ST-009,Kolkata Retail Hub,Kolkata,High Street,Sports,2252,586,879,53179.5,5849.74,44670.78,60624.63,586,0,2658.98,4.2,2928
2026-09-03 00:00:00,East,ST-010,Bhubaneswar Retail Hub,Bhubaneswar,Neighborhood,Grocery,2525,707,707,12980.52,1427.86,11293.05,14018.96,280,0,259.61,4.1,1680
2026-09-03 00:00:00,East,ST-010,Bhubaneswar Retail Hub,Bhubaneswar,Neighborhood,Apparel,1011,253,632,27340.32,2187.23,20970.02,27613.72,533,1,4183.07,4.5,1979
2026-09-03 00:00:00,East,ST-010,Bhubaneswar Retail Hub,Bhubaneswar,Neighborhood,Electronics,911,237,356,77750.4,3887.52,66515.46,73085.38,432,2,7347.42,4.9,2278
2026-09-03 00:00:00,East,ST-010,Bhubaneswar Retail Hub,Bhubaneswar,Neighborhood,Home,1793,628,1884,128583,25716.6,96437.25,150442.11,289,3,6429.15,3.4,2577
2026-09-03 00:00:00,East,ST-010,Bhubaneswar Retail Hub,Bhubaneswar,Neighborhood,Beauty,2184,480,960,28492.8,4843.78,22794.24,31342.08,542,4,854.78,3.8,2876
2026-09-03 00:00:00,East,ST-010,Bhubaneswar Retail Hub,Bhubaneswar,Neighborhood,Sports,1175,317,317,18655.45,2611.76,15857.14,19215.11,795,5,186.55,4.2,3175
2026-09-03 00:00:00,East,ST-011,Guwahati Retail Hub,Guwahati,Outlet,Grocery,1179,342,1026,18283.32,2559.66,14443.83,17734.82,489,5,1279.83,4.1,1927
2026-09-03 00:00:00,East,ST-011,Guwahati Retail Hub,Guwahati,Outlet,Apparel,1334,347,694,29148,3206.28,23464.14,26233.2,742,6,2477.58,4.5,2226
2026-09-03 00:00:00,East,ST-011,Guwahati Retail Hub,Guwahati,Outlet,Electronics,1121,303,303,64266.3,5141.3,56522.21,72620.92,135,11,2602.79,4.5,2525
2026-09-03 00:00:00,East,ST-011,Guwahati Retail Hub,Guwahati,Outlet,Home,2116,381,952,63117.6,3155.88,59330.54,66904.66,498,0,631.18,3.4,2824
2026-09-03 00:00:00,East,ST-011,Guwahati Retail Hub,Guwahati,Outlet,Beauty,1107,255,382,11016.88,2203.38,7932.15,10906.71,751,1,881.35,3.8,3123
2026-09-03 00:00:00,East,ST-011,Guwahati Retail Hub,Guwahati,Outlet,Sports,1498,419,1257,71900.4,12223.07,55363.31,66148.37,254,2,4314.02,4.2,3422
2026-09-03 00:00:00,East,ST-012,Patna Retail Hub,Patna,Mall,Grocery,1582,475,1188,20528.64,3489.87,16422.91,23813.22,698,2,615.86,4.1,2174
2026-09-03 00:00:00,East,ST-012,Patna Retail Hub,Patna,Mall,Apparel,1657,447,670,27295.8,3821.41,23010.36,29752.42,201,3,464.03,4.5,2473
2026-09-03 00:00:00,East,ST-012,Patna Retail Hub,Patna,Mall,Electronics,1331,373,1119,230290.2,25331.92,180086.93,234896.0,250,4,24871.35,4.9,2772
2026-09-03 00:00:00,East,ST-012,Patna Retail Hub,Patna,Mall,Home,1039,197,394,25353.9,2028.31,21804.36,24086.2,707,5,1521.23,3.4,3071
2026-09-03 00:00:00,East,ST-012,Patna Retail Hub,Patna,Mall,Beauty,1430,343,343,9604,480.2,8739.64,8451.52,210,6,384.16,3.8,3370
2026-09-03 00:00:00,East,ST-012,Patna Retail Hub,Patna,Mall,Sports,1821,528,1320,73326,14665.2,57194.28,81391.86,463,7,1466.52,3.8,3669
2026-09-03 00:00:00,West,ST-013,Mumbai Retail Hub,Mumbai,High Street,Grocery,1986,616,1232,20623.68,4124.74,14849.05,21654.86,157,11,1649.89,3.7,2421
2026-09-03 00:00:00,West,ST-013,Mumbai Retail Hub,Mumbai,High Street,Apparel,1980,554,554,21871.92,3718.23,15922.75,21434.48,410,0,2230.94,4.5,2720
2026-09-03 00:00:00,West,ST-013,Mumbai Retail Hub,Mumbai,High Street,Electronics,631,183,458,91371,12791.94,73645.03,83147.61,365,1,4934.03,4.9,3019
2026-09-03 00:00:00,West,ST-013,Mumbai Retail Hub,Mumbai,High Street,Home,1362,272,408,25459.2,2800.51,22149.51,29023.49,166,6,509.18,3.4,3318
2026-09-03 00:00:00,West,ST-013,Mumbai Retail Hub,Mumbai,High Street,Beauty,1753,438,1314,35688.24,2855.06,29621.24,38186.42,419,3,3211.94,3.8,3617
2026-09-03 00:00:00,West,ST-013,Mumbai Retail Hub,Mumbai,High Street,Sports,2144,643,1286,69315.4,3465.77,60997.55,69315.4,672,4,4852.08,4.2,3916
2026-09-03 00:00:00,West,ST-014,Pune Retail Hub,Pune,Neighborhood,Grocery,2390,765,1148,23143.68,1157.18,21060.75,21755.06,366,4,925.75,4.1,2668
2026-09-03 00:00:00,West,ST-014,Pune Retail Hub,Pune,Neighborhood,Apparel,903,262,786,37303.56,7460.71,28574.53,43645.17,619,5,1268.32,4.5,2967
2026-09-03 00:00:00,West,ST-014,Pune Retail Hub,Pune,Neighborhood,Electronics,841,252,504,97372.8,16553.38,68988.63,107110.08,67,10,11830.79,4.5,3266
2026-09-03 00:00:00,West,ST-014,Pune Retail Hub,Pune,Neighborhood,Home,1685,354,354,21399.3,2995.9,16905.45,22041.28,375,7,1497.95,3.0,3565
2026-09-03 00:00:00,West,ST-014,Pune Retail Hub,Pune,Neighborhood,Beauty,2076,540,1350,35532,3908.52,29846.88,34110.72,628,0,1776.6,3.8,3864
2026-09-03 00:00:00,West,ST-014,Pune Retail Hub,Pune,Neighborhood,Sports,1067,331,496,25916,2073.28,23065.24,23065.24,131,5,777.48,4.2,4163
2026-09-03 00:00:00,West,ST-015,Ahmedabad Retail Hub,Ahmedabad,Outlet,Grocery,2794,922,922,18089.64,1447.17,15014.4,20441.29,575,1,1628.07,4.1,2915
2026-09-03 00:00:00,West,ST-015,Ahmedabad Retail Hub,Ahmedabad,Outlet,Apparel,1226,368,920,42504,2125.2,35320.82,45054.24,828,2,5057.98,4.5,3214
2026-09-03 00:00:00,West,ST-015,Ahmedabad Retail Hub,Ahmedabad,Outlet,Electronics,1051,326,489,113985.9,22797.18,83494.66,112846.04,182,3,7694.06,4.9,3513
2026-09-03 00:00:00,West,ST-015,Ahmedabad Retail Hub,Ahmedabad,Outlet,Home,2008,442,1326,96532.8,16410.58,77226.24,88810.18,584,4,2895.98,3.4,3812
2026-09-03 00:00:00,West,ST-015,Ahmedabad Retail Hub,Ahmedabad,Outlet,Beauty,999,270,540,17085.6,2391.98,14522.76,19648.44,837,5,170.86,3.8,4111
2026-09-03 00:00:00,West,ST-015,Ahmedabad Retail Hub,Ahmedabad,Outlet,Sports,1390,445,445,22517,2476.87,18238.77,24318.36,340,6,1801.36,4.2,4410
2026-09-03 00:00:00,West,ST-016,Surat Retail Hub,Surat,Mall,Grocery,1448,492,1476,28162.08,3097.83,23656.15,28725.32,784,6,1408.1,4.1,3162
2026-09-03 00:00:00,West,ST-016,Surat Retail Hub,Surat,Mall,Apparel,1549,480,960,43142.4,3451.39,37490.75,40985.28,287,7,2200.26,4.1,3461
2026-09-03 00:00:00,West,ST-016,Surat Retail Hub,Surat,Mall,Electronics,1261,177,177,40143.6,2007.18,37594.48,35326.37,297,0,541.94,4.9,3760
2026-09-03 00:00:00,West,ST-016,Surat Retail Hub,Surat,Mall,Home,931,214,535,37904.75,7580.95,27291.42,42074.27,793,1,3032.38,3.4,4059
2026-09-03 00:00:00,West,ST-016,Surat Retail Hub,Surat,Mall,Beauty,1322,370,555,17094,2905.98,13162.38,17777.76,296,2,1025.64,3.8,4358
2026-09-03 00:00:00,West,ST-016,Surat Retail Hub,Surat,Mall,Sports,1713,565,1695,103479.75,14487.16,84853.4,100375.36,549,3,4139.19,4.2,4657
2026-09-03 00:00:00,Central,ST-017,Bhopal Retail Hub,Bhopal,High Street,Grocery,1851,648,1620,30034.8,4204.87,25529.58,27331.67,243,3,300.35,4.1,3409
2026-09-03 00:00:00,Central,ST-017,Bhopal Retail Hub,Bhopal,High Street,Apparel,1872,599,898,39224.64,4314.71,29575.38,44716.09,496,4,5334.55,4.5,3708
2026-09-03 00:00:00,Central,ST-017,Bhopal Retail Hub,Bhopal,High Street,Electronics,1471,221,663,146191.5,11695.32,122654.67,156424.9,412,5,11841.51,4.9,4007
2026-09-03 00:00:00,Central,ST-017,Bhopal Retail Hub,Bhopal,High Street,Home,1254,301,602,41477.8,2073.89,37744.8,41477.8,252,6,1659.11,3.4,4306
2026-09-03 00:00:00,Central,ST-017,Bhopal Retail Hub,Bhopal,High Street,Beauty,1645,477,477,14290.92,2858.18,11146.92,13290.56,505,7,285.82,3.4,4605
2026-09-03 00:00:00,Central,ST-017,Bhopal Retail Hub,Bhopal,High Street,Sports,2036,692,1730,102762,17469.54,76043.88,119203.92,758,0,9248.58,4.2,4904
2026-09-03 00:00:00,Central,ST-018,Indore Retail Hub,Indore,Neighborhood,Grocery,2255,812,1624,29232,4969.44,22508.64,32155.2,452,0,1753.92,4.1,3656
2026-09-03 00:00:00,Central,ST-018,Indore Retail Hub,Indore,Neighborhood,Apparel,2195,724,724,30712.08,4299.69,24323.97,31633.44,705,1,2088.42,4.5,3955
2026-09-03 00:00:00,Central,ST-018,Indore Retail Hub,Indore,Neighborhood,Electronics,771,123,308,65973.6,7257.1,56935.22,63334.66,114,2,1781.28,4.9,4254
2026-09-03 00:00:00,Central,ST-018,Indore Retail Hub,Indore,Neighborhood,Home,1577,394,591,39567.45,3165.4,32840.98,35215.03,461,3,3561.07,3.4,4553
2026-09-03 00:00:00,Central,ST-018,Indore Retail Hub,Indore,Neighborhood,Beauty,1968,590,1770,51542.4,2577.12,45357.31,57727.49,714,4,3607.97,3.8,4852
2026-09-03 00:00:00,Central,ST-018,Indore Retail Hub,Indore,Neighborhood,Sports,959,336,672,38808,7761.6,29106.0,40748.4,217,5,1940.4,4.2,5151
2026-09-03 00:00:00,Central,ST-019,Nagpur Retail Hub,Nagpur,Outlet,Grocery,2659,984,1476,25770.96,5154.19,20101.35,25513.25,661,5,515.42,4.1,3903
2026-09-03 00:00:00,Central,ST-019,Nagpur Retail Hub,Nagpur,Outlet,Apparel,1118,380,1140,46922.4,7976.81,31766.46,43168.61,164,10,7179.13,4.1,4202
2026-09-03 00:00:00,Central,ST-019,Nagpur Retail Hub,Nagpur,Outlet,Electronics,981,167,334,69438.6,9721.4,53155.25,79854.39,229,7,6561.95,4.5,4501
2026-09-03 00:00:00,Central,ST-019,Nagpur Retail Hub,Nagpur,Outlet,Home,1900,494,494,32110,3532.1,26972.4,34678.8,670,0,1605.5,3.4,4800
2026-09-03 00:00:00,Central,ST-019,Nagpur Retail Hub,Nagpur,Outlet,Beauty,2291,710,1775,50197,4015.76,44675.33,50698.97,173,5,1505.91,3.8,5099
2026-09-03 00:00:00,Central,ST-019,Nagpur Retail Hub,Nagpur,Outlet,Sports,1282,231,346,19410.6,970.53,18245.96,18245.96,426,2,194.11,4.2,5398
2026-09-03 00:00:00,Central,ST-020,Raipur Retail Hub,Raipur,Mall,Grocery,1312,499,499,8443.08,422.15,7429.91,7429.91,120,6,591.02,4.1,4150
2026-09-03 00:00:00,Central,ST-020,Raipur Retail Hub,Raipur,Mall,Apparel,1441,504,1260,50274,10054.8,35945.91,55804.14,373,3,4273.29,4.5,4449
2026-09-03 00:00:00,Central,ST-020,Raipur Retail Hub,Raipur,Mall,Electronics,1191,214,321,64713.6,11001.31,51091.39,67302.14,344,4,2620.9,4.9,4748
2026-09-03 00:00:00,Central,ST-020,Raipur Retail Hub,Raipur,Mall,Home,2223,600,1800,113490,15888.6,96466.5,110085.3,129,9,1134.9,3.0,5047
2026-09-03 00:00:00,Central,ST-020,Raipur Retail Hub,Raipur,Mall,Beauty,1214,388,776,21293.44,2342.28,17247.68,19164.1,382,6,1703.48,3.8,5346
2026-09-03 00:00:00,Central,ST-020,Raipur Retail Hub,Raipur,Mall,Sports,1605,305,305,16607.25,1328.58,14282.23,18766.19,635,7,996.44,3.8,5645
16-03-2026,North,ST-001,Delhi Retail Hub,Delhi,High Street,Grocery,1428,543,814,14652,732.6,12893.76,13772.88,306,6,1025.64,4.0,6438
16-03-2026,North,ST-001,Delhi Retail Hub,Delhi,High Street,Apparel,1533,537,1611,68338.62,13667.72,48862.12,79956.19,559,7,5808.78,4.0,6737
16-03-2026,North,ST-001,Delhi Retail Hub,Delhi,High Street,Electronics,1251,225,450,96390,16386.3,76099.9,106029.0,447,0,3903.8,4.8,7036
16-03-2026,North,ST-001,Delhi Retail Hub,Delhi,High Street,Home,915,247,247,16536.65,2315.13,14056.15,17032.75,315,1,165.37,3.3,7335
16-03-2026,North,ST-001,Delhi Retail Hub,Delhi,High Street,Beauty,1306,418,1045,30430.4,3347.34,24648.63,29213.18,568,2,2434.43,3.7,1134
16-03-2026,North,ST-001,Delhi Retail Hub,Delhi,High Street,Sports,1697,322,483,27893.25,2231.46,23988.19,24824.99,821,3,1673.6,4.1,1433
16-03-2026,North,ST-002,Jaipur Retail Hub,Jaipur,Neighborhood,Grocery,1831,714,714,12466.44,997.32,11095.13,14087.08,515,3,373.99,4.0,6685
16-03-2026,North,ST-002,Jaipur Retail Hub,Jaipur,Neighborhood,Apparel,1856,334,835,34368.6,1718.43,32065.9,36430.72,768,4,584.27,4.4,6984
16-03-2026,North,ST-002,Jaipur Retail Hub,Jaipur,Neighborhood,Electronics,1461,278,417,86694.3,17338.86,59992.46,85827.36,149,9,9362.98,4.4,7283
16-03-2026,North,ST-002,Jaipur Retail Hub,Jaipur,Neighborhood,Home,1238,347,1041,67665,11503.05,52102.05,62251.8,524,6,4059.9,3.3,1082
16-03-2026,North,ST-002,Jaipur Retail Hub,Jaipur,Neighborhood,Beauty,1629,538,1076,30429.28,4260.1,24952.01,34993.67,777,7,1217.17,3.3,1381
16-03-2026,North,ST-002,Jaipur Retail Hub,Jaipur,Neighborhood,Sports,2020,404,404,22664.4,2493.08,19718.03,24477.55,280,0,453.29,4.1,1680
16-03-2026,North,ST-003,Lucknow Retail Hub,Lucknow,Outlet,Grocery,2235,894,2682,45379.44,4991.74,36757.34,46287.03,724,0,3630.36,4.0,6932
16-03-2026,North,ST-003,Lucknow Retail Hub,Lucknow,Outlet,Apparel,2179,414,828,33037.2,2642.98,27024.43,31385.34,227,1,3369.79,4.4,7231
16-03-2026,North,ST-003,Lucknow Retail Hub,Lucknow,Outlet,Electronics,760,152,152,30643.2,1532.16,27456.3,26966.02,264,2,1654.74,4.8,1030
16-03-2026,North,ST-003,Lucknow Retail Hub,Lucknow,Outlet,Home,1561,453,1132,71372.6,14274.52,55670.63,79223.59,733,3,1427.45,3.3,1329
16-03-2026,North,ST-003,Lucknow Retail Hub,Lucknow,Outlet,Beauty,1952,664,996,27330.24,4646.14,20224.38,28423.45,236,4,2459.72,3.7,1628
16-03-2026,North,ST-003,Lucknow Retail Hub,Lucknow,Outlet,Sports,943,198,594,32343.3,4528.06,25551.21,31373.0,489,5,2264.03,4.1,1927
16-03-2026,North,ST-004,Chandigarh Retail Hub,Chandigarh,Mall,Grocery,2639,1082,2705,55019.7,7702.76,45116.15,50067.93,183,5,2200.79,4.0,7179
16-03-2026,North,ST-004,Chandigarh Retail Hub,Chandigarh,Mall,Apparel,1102,220,330,12751.2,1402.63,10915.04,14536.37,436,6,433.53,4.4,978
16-03-2026,North,ST-004,Chandigarh Retail Hub,Chandigarh,Mall,Electronics,970,204,612,119523.6,9561.89,95439.6,127890.25,379,7,14522.11,4.4,1277
16-03-2026,North,ST-004,Chandigarh Retail Hub,Chandigarh,Mall,Home,1884,565,1130,69043,3452.15,60757.84,69043.0,192,0,4833.01,3.3,1576
16-03-2026,North,ST-004,Chandigarh Retail Hub,Chandigarh,Mall,Beauty,2275,796,796,21173.6,4234.72,15880.2,19691.45,445,1,1058.68,3.7,1875
16-03-2026,North,ST-004,Chandigarh Retail Hub,Chandigarh,Mall,Sports,1266,279,698,36854.4,6265.25,29483.52,42751.1,698,2,1105.63,4.1,2174
16-03-2026,South,ST-005,Bengaluru Retail Hub,Bengaluru,High Street,Grocery,1292,543,1086,21502.8,3655.48,15912.07,23653.08,392,2,1935.25,4.0,926
16-03-2026,South,ST-005,Bengaluru Retail Hub,Bengaluru,High Street,Apparel,1425,299,299,13939.38,1951.51,10329.08,14357.56,645,3,1658.79,4.4,1225
16-03-2026,South,ST-005,Bengaluru Retail Hub,Bengaluru,High Street,Electronics,1180,260,650,152880,16816.8,125743.8,146764.8,81,8,10319.4,4.4,1524
16-03-2026,South,ST-005,Bengaluru Retail Hub,Bengaluru,High Street,Home,2207,684,1026,75359.7,6028.78,67070.13,67070.13,401,5,2260.79,3.3,1823
16-03-2026,South,ST-005,Bengaluru Retail Hub,Bengaluru,High Street,Beauty,1198,216,648,16692.48,834.62,15690.94,18695.58,654,6,166.92,3.7,2122
16-03-2026,South,ST-005,Bengaluru Retail Hub,Bengaluru,High Street,Sports,1589,365,730,37339.5,7467.9,26884.44,39206.48,157,11,2987.16,3.7,2421
16-03-2026,South,ST-006,Chennai Retail Hub,Chennai,Neighborhood,Grocery,1696,729,1094,21070.44,4214.09,15802.83,20859.74,601,7,1053.52,3.6,1173
16-03-2026,South,ST-006,Chennai Retail Hub,Chennai,Neighborhood,Apparel,1748,385,1155,52390.8,8906.44,40812.44,48199.54,854,0,2671.92,4.4,1472
16-03-2026,South,ST-006,Chennai Retail Hub,Chennai,Neighborhood,Electronics,1390,320,640,146496,20509.44,124008.86,168470.4,196,1,1977.7,4.8,1771
16-03-2026,South,ST-006,Chennai Retail Hub,Chennai,Neighborhood,Home,1130,362,362,25883,2847.13,20965.23,27953.64,610,2,2070.64,3.3,2070
16-03-2026,South,ST-006,Chennai Retail Hub,Chennai,Neighborhood,Beauty,1521,289,722,22439.76,1795.18,19298.19,22664.16,863,3,1346.39,3.7,2369
16-03-2026,South,ST-006,Chennai Retail Hub,Chennai,Neighborhood,Sports,1912,459,688,42380.8,2119.04,38566.53,39837.95,366,4,1695.23,4.1,2668
16-03-2026,South,ST-007,Hyderabad Retail Hub,Hyderabad,Outlet,Grocery,2100,546,546,10221.12,511.06,9607.85,8994.59,810,4,102.21,4.0,1420
16-03-2026,South,ST-007,Hyderabad Retail Hub,Hyderabad,Outlet,Apparel,2071,476,1190,52479,10495.8,34846.06,58251.69,313,5,7137.14,4.4,1719
16-03-2026,South,ST-007,Hyderabad Retail Hub,Hyderabad,Outlet,Electronics,690,166,249,55427.4,9422.66,41515.13,57644.5,311,6,4489.61,4.8,2018
16-03-2026,South,ST-007,Hyderabad Retail Hub,Hyderabad,Outlet,Home,1453,479,1437,99943.35,13992.07,81953.55,96945.05,819,7,3997.73,2.9,2317
16-03-2026,South,ST-007,Hyderabad Retail Hub,Hyderabad,Outlet,Beauty,1844,369,738,22317.12,2454.88,19415.9,20085.41,322,0,446.34,3.7,2616
16-03-2026,South,ST-007,Hyderabad Retail Hub,Hyderabad,Outlet,Sports,2235,559,559,33512.05,2680.96,27815.01,37868.62,575,1,3016.08,4.1,2915
16-03-2026,South,ST-008,Kochi Retail Hub,Kochi,Mall,Grocery,2504,676,2028,36869.04,2949.52,31707.38,39449.87,269,1,2212.14,4.0,1667
16-03-2026,South,ST-008,Kochi Retail Hub,Kochi,Mall,Apparel,994,239,478,20477.52,1023.88,18061.17,20477.52,522,2,1392.47,4.4,1966
16-03-2026,South,ST-008,Kochi Retail Hub,Kochi,Mall,Electronics,900,225,225,48667.5,9733.5,37619.98,45260.78,426,3,1314.02,4.8,2265
16-03-2026,South,ST-008,Kochi Retail Hub,Kochi,Mall,Home,1776,604,1510,102076,17352.92,75536.24,118408.16,278,4,9186.84,3.3,2564
16-03-2026,South,ST-008,Kochi Retail Hub,Kochi,Mall,Beauty,2167,455,682,20050.8,2807.11,15840.13,21855.37,531,5,1403.56,3.7,2863
16-03-2026,South,ST-008,Kochi Retail Hub,Kochi,Mall,Sports,1158,301,903,52644.9,5790.94,44221.71,53697.8,784,6,2632.25,4.1,3162
16-03-2026,East,ST-009,Kolkata Retail Hub,Kolkata,High Street,Grocery,1158,324,810,14288.4,1571.72,12430.91,13716.86,478,6,285.77,4.0,1914
16-03-2026,East,ST-009,Kolkata Retail Hub,Kolkata,High Street,Apparel,1317,329,494,20540.52,1643.24,15754.58,18281.06,731,7,3142.7,4.0,2213
16-03-2026,East,ST-009,Kolkata Retail Hub,Kolkata,High Street,Electronics,1110,289,867,182070,9103.5,155760.88,203918.4,129,4,17205.62,4.8,2512
16-03-2026,East,ST-009,Kolkata Retail Hub,Kolkata,High Street,Home,2099,735,1470,96505.5,19301.1,72379.12,101330.78,487,1,4825.28,3.3,2811
16-03-2026,East,ST-009,Kolkata Retail Hub,Kolkata,High Street,Beauty,1090,240,240,6854.4,1165.25,5483.52,6717.31,740,2,205.63,3.7,3110
16-03-2026,East,ST-009,Kolkata Retail Hub,Kolkata,High Street,Sports,1481,400,1000,56650,7931.0,48152.5,51551.5,243,3,566.5,4.1,3409
16-03-2026,East,ST-010,Bhubaneswar Retail Hub,Bhubaneswar,Neighborhood,Grocery,1561,453,906,15492.6,2168.96,12239.16,17816.49,687,3,1084.48,4.0,2161
16-03-2026,East,ST-010,Bhubaneswar Retail Hub,Bhubaneswar,Neighborhood,Apparel,1640,426,426,17176.32,1889.4,13826.93,18550.43,190,4,1459.99,4.4,2460
16-03-2026,East,ST-010,Bhubaneswar Retail Hub,Bhubaneswar,Neighborhood,Electronics,1320,356,890,181293,14503.44,159447.19,183105.93,244,5,7342.37,4.8,2759
16-03-2026,East,ST-010,Bhubaneswar Retail Hub,Bhubaneswar,Neighborhood,Home,1022,184,276,17581.2,879.06,16526.33,16526.33,696,6,175.81,3.3,3058
16-03-2026,East,ST-010,Bhubaneswar Retail Hub,Bhubaneswar,Neighborhood,Beauty,1413,325,975,27027,5405.4,19459.44,31621.59,199,7,2162.16,3.3,3357
16-03-2026,East,ST-010,Bhubaneswar Retail Hub,Bhubaneswar,Neighborhood,Sports,1804,505,1010,55550,9443.5,42773.5,61105.0,452,0,3333.0,4.1,3656
16-03-2026,East,ST-011,Guwahati Retail Hub,Guwahati,Outlet,Grocery,1965,590,885,14655.6,2491.45,11724.48,15241.82,146,4,439.67,4.0,2408
16-03-2026,East,ST-011,Guwahati Retail Hub,Guwahati,Outlet,Apparel,1963,530,1590,62105.4,8694.76,52354.86,60242.24,399,1,1055.78,4.4,2707
16-03-2026,East,ST-011,Guwahati Retail Hub,Guwahati,Outlet,Electronics,620,174,348,68695.2,7556.47,53719.64,61825.68,359,2,7419.09,4.8,3006
16-03-2026,East,ST-011,Guwahati Retail Hub,Guwahati,Outlet,Home,1345,256,256,15808,1264.64,13594.88,17863.04,155,7,948.48,2.9,3305
16-03-2026,East,ST-011,Guwahati Retail Hub,Guwahati,Outlet,Beauty,1736,417,1042,28008.96,1400.45,25488.15,29689.5,408,4,1120.36,3.7,3604
16-03-2026,East,ST-011,Guwahati Retail Hub,Guwahati,Outlet,Sports,2127,617,926,49402.1,9880.42,38533.64,48908.08,661,5,988.04,4.1,3903
16-03-2026,East,ST-012,Patna Retail Hub,Patna,Mall,Grocery,2369,734,734,14665.32,2933.06,10559.03,13638.75,355,5,1173.23,4.0,2655
16-03-2026,East,ST-012,Patna Retail Hub,Patna,Mall,Apparel,2286,640,1600,75264,12794.88,54792.19,87306.24,608,6,7676.93,4.4,2954
16-03-2026,East,ST-012,Patna Retail Hub,Patna,Mall,Electronics,830,241,362,85902.6,12026.36,69237.5,93633.83,474,7,4638.74,4.4,3253
16-03-2026,East,ST-012,Patna Retail Hub,Patna,Mall,Home,1668,334,1002,59919.6,6591.16,52130.05,61117.99,364,0,1198.39,3.3,3552
16-03-2026,East,ST-012,Patna Retail Hub,Patna,Mall,Beauty,2059,515,1030,26821.2,2145.7,22261.59,25480.14,617,1,2413.91,3.7,3851
16-03-2026,East,ST-012,Patna Retail Hub,Patna,Mall,Sports,1050,315,315,16285.5,814.28,14331.23,14331.24,120,6,1139.99,4.1,4150
16-03-2026,West,ST-013,Mumbai Retail Hub,Mumbai,High Street,Grocery,2772,887,2661,51729.84,2586.49,47074.16,57937.42,564,2,2069.19,4.0,2902
16-03-2026,West,ST-013,Mumbai Retail Hub,Mumbai,High Street,Apparel,1209,351,702,32137.56,6427.51,24617.37,33744.44,817,3,1092.68,4.4,3201
16-03-2026,West,ST-013,Mumbai Retail Hub,Mumbai,High Street,Electronics,1040,312,312,72072,12252.24,51063.01,70630.56,176,8,8756.75,4.4,3500
16-03-2026,West,ST-013,Mumbai Retail Hub,Mumbai,High Street,Home,1991,418,1045,75396.75,10555.55,59563.43,68611.04,573,5,5277.77,3.3,3799
16-03-2026,West,ST-013,Mumbai Retail Hub,Mumbai,High Street,Beauty,982,255,382,11979.52,1317.75,10062.79,13656.65,826,6,598.98,3.7,4098
16-03-2026,West,ST-013,Mumbai Retail Hub,Mumbai,High Street,Sports,1373,426,1278,79427.7,6354.22,70690.65,84987.64,329,7,2382.83,3.7,4397
16-03-2026,West,ST-014,Pune Retail Hub,Pune,Neighborhood,Grocery,1426,471,1178,22264.2,1781.14,18479.28,22486.84,773,7,2003.78,3.6,3149
16-03-2026,West,ST-014,Pune Retail Hub,Pune,Neighborhood,Apparel,1532,460,690,30718.8,1535.94,25527.32,28875.67,276,0,3655.54,4.4,3448
16-03-2026,West,ST-014,Pune Retail Hub,Pune,Neighborhood,Electronics,1250,388,1164,261550.8,52310.16,191585.96,306014.44,291,1,17654.68,4.8,3747
16-03-2026,West,ST-014,Pune Retail Hub,Pune,Neighborhood,Home,914,201,402,28220.4,4797.47,22576.32,31042.44,782,2,846.61,3.3,4046
16-03-2026,West,ST-014,Pune Retail Hub,Pune,Neighborhood,Beauty,1305,352,352,10743.04,1504.03,9131.58,11065.33,285,3,107.43,3.7,4345
16-03-2026,West,ST-014,Pune Retail Hub,Pune,Neighborhood,Sports,1696,543,1358,82159,9037.49,66548.79,78872.64,538,4,6572.72,4.1,4644
16-03-2026,West,ST-015,Ahmedabad Retail Hub,Ahmedabad,Outlet,Grocery,1830,622,1244,22839.84,2512.38,19185.47,20555.86,232,4,1141.99,4.0,3396
16-03-2026,West,ST-015,Ahmedabad Retail Hub,Ahmedabad,Outlet,Apparel,1855,575,575,24874.5,1989.96,21615.93,28108.18,485,5,1268.61,4.4,3695
16-03-2026,West,ST-015,Ahmedabad Retail Hub,Ahmedabad,Outlet,Electronics,1460,204,510,111384,5569.2,104311.12,118067.04,406,6,1503.68,4.8,3994
16-03-2026,West,ST-015,Ahmedabad Retail Hub,Ahmedabad,Outlet,Home,1237,285,428,29211,5842.2,21031.92,28918.89,241,7,2336.88,2.9,4293
16-03-2026,West,ST-015,Ahmedabad Retail Hub,Ahmedabad,Outlet,Beauty,1628,456,1368,40602.24,6902.38,31263.73,37354.06,494,0,2436.13,3.7,4592
16-03-2026,West,ST-015,Ahmedabad Retail Hub,Ahmedabad,Outlet,Sports,2019,666,1332,78388.2,10974.35,64278.32,90146.43,747,1,3135.53,4.1,4891
16-03-2026,West,ST-016,Surat Retail Hub,Surat,Mall,Grocery,2234,782,1173,20902.86,2926.4,17767.43,22784.12,441,1,209.03,4.0,3643
16-03-2026,West,ST-016,Surat Retail Hub,Surat,Mall,Apparel,2178,697,2091,87822,9660.42,66217.79,89578.44,694,2,11943.79,4.4,3942
16-03-2026,West,ST-016,Surat Retail Hub,Surat,Mall,Electronics,760,114,228,48358.8,3868.7,40573.03,45940.86,108,3,3917.07,4.8,4241
16-03-2026,West,ST-016,Surat Retail Hub,Surat,Mall,Home,1560,374,374,24796.2,1239.81,22564.54,21820.66,450,4,991.85,3.3,4540
16-03-2026,West,ST-016,Surat Retail Hub,Surat,Mall,Beauty,1951,566,1415,40808.6,8161.72,31830.71,45297.55,703,5,816.17,3.7,4839
16-03-2026,West,ST-016,Surat Retail Hub,Surat,Mall,Sports,942,320,480,27456,4667.52,20317.44,28554.24,206,6,2471.04,4.1,5138
16-03-2026,Central,ST-017,Bhopal Retail Hub,Bhopal,High Street,Grocery,2638,950,950,16416,2790.72,12640.32,16087.68,650,6,984.96,4.0,3890
16-03-2026,Central,ST-017,Bhopal Retail Hub,Bhopal,High Street,Apparel,1101,363,908,36991.92,5178.87,29297.59,33662.65,153,11,2515.46,4.0,4189
16-03-2026,Central,ST-017,Bhopal Retail Hub,Bhopal,High Street,Electronics,970,155,232,47745.6,5252.02,41204.45,54429.98,223,0,1289.13,4.8,4488
16-03-2026,Central,ST-017,Bhopal Retail Hub,Bhopal,High Street,Home,1883,471,1413,90926.55,7274.12,75469.04,97291.41,659,1,8183.39,3.3,4787
16-03-2026,Central,ST-017,Bhopal Retail Hub,Bhopal,High Street,Beauty,2274,682,1364,38192,1909.6,33608.96,38192.0,162,6,2673.44,3.7,5086
16-03-2026,Central,ST-017,Bhopal Retail Hub,Bhopal,High Street,Sports,1265,443,443,24608.65,4921.73,18456.49,22886.04,415,3,1230.43,4.1,5385
16-03-2026,Central,ST-018,Indore Retail Hub,Indore,Neighborhood,Grocery,1291,478,1434,24005.16,4801.03,18724.03,28086.04,859,3,480.1,4.0,4137
16-03-2026,Central,ST-018,Indore Retail Hub,Indore,Neighborhood,Apparel,1424,484,968,38216.64,6496.83,25872.66,42038.3,362,4,5847.15,4.4,4436
16-03-2026,Central,ST-018,Indore Retail Hub,Indore,Neighborhood,Electronics,1180,201,201,40099.5,5613.93,30696.17,41302.48,338,5,3789.4,4.8,4735
16-03-2026,Central,ST-018,Indore Retail Hub,Indore,Neighborhood,Home,2206,574,1435,89544,9849.84,75216.96,85962.24,868,6,4477.2,3.3,5034
16-03-2026,Central,ST-018,Indore Retail Hub,Indore,Neighborhood,Beauty,1197,371,556,15100.96,1208.08,13439.85,13439.85,371,7,453.03,3.3,5333
16-03-2026,Central,ST-018,Indore Retail Hub,Indore,Neighborhood,Sports,1588,286,858,46246.2,2312.31,43471.43,51795.74,624,0,462.46,4.1,5632
16-03-2026,Central,ST-019,Nagpur Retail Hub,Nagpur,Outlet,Grocery,1695,644,1610,32457.6,1622.88,28562.69,34405.06,318,0,2272.03,4.0,4384
16-03-2026,Central,ST-019,Nagpur Retail Hub,Nagpur,Outlet,Apparel,1747,611,916,43473.36,8694.67,31083.45,43038.63,571,1,3695.24,4.4,4683
16-03-2026,Central,ST-019,Nagpur Retail Hub,Nagpur,Outlet,Electronics,1390,250,750,144900,24633.0,114398.55,133308.0,453,2,5868.45,4.8,4982
16-03-2026,Central,ST-019,Nagpur Retail Hub,Nagpur,Outlet,Home,1129,305,610,36874.5,5162.43,31343.33,42405.68,327,3,368.74,3.3,5281
16-03-2026,Central,ST-019,Nagpur Retail Hub,Nagpur,Outlet,Beauty,1520,486,486,12791.52,1407.07,10361.13,13814.84,580,4,1023.32,3.7,5580
16-03-2026,Central,ST-019,Nagpur Retail Hub,Nagpur,Outlet,Sports,1911,363,908,47443,3795.44,40800.98,47917.43,833,5,2846.58,4.1,5879
16-03-2026,Central,ST-020,Raipur Retail Hub,Raipur,Mall,Grocery,2099,819,1638,32137.56,2571.0,28602.43,30530.68,527,5,964.13,4.0,4631
16-03-2026,Central,ST-020,Raipur Retail Hub,Raipur,Mall,Apparel,2070,373,373,17232.6,861.63,16078.01,15164.69,780,6,292.96,4.4,4930
16-03-2026,Central,ST-020,Raipur Retail Hub,Raipur,Mall,Electronics,690,131,328,76456.8,15291.36,52908.11,84867.05,156,7,8257.33,4.4,5229
16-03-2026,Central,ST-020,Raipur Retail Hub,Raipur,Mall,Home,1452,407,610,44408,7549.36,34194.16,46184.32,536,0,2664.48,3.3,5528
16-03-2026,Central,ST-020,Raipur Retail Hub,Raipur,Mall,Beauty,1843,608,1824,57711.36,8079.59,47323.32,55980.02,789,1,2308.45,3.7,5827
16-03-2026,Central,ST-020,Raipur Retail Hub,Raipur,Mall,Sports,2234,447,894,45236.4,4976.0,39355.67,40712.76,292,2,904.73,4.1,6126
23-03-2026,North,ST-001,Delhi Retail Hub,Delhi,High Street,Grocery,2613,1019,2548,42653.52,5971.49,35402.42,43080.06,713,1,1279.61,3.9,6919
23-03-2026,North,ST-001,Delhi Retail Hub,Delhi,High Street,Apparel,2551,459,688,27162.24,2987.85,23712.64,25532.51,216,2,461.75,4.3,7218
23-03-2026,North,ST-001,Delhi Retail Hub,Delhi,High Street,Electronics,884,168,504,100548,26142.48,63546.34,117641.16,258,3,10859.18,4.7,1017
23-03-2026,North,ST-001,Delhi Retail Hub,Delhi,High Street,Home,1822,510,1020,63648,14639.04,45190.08,70012.8,722,4,3818.88,3.2,1316
23-03-2026,North,ST-001,Delhi Retail Hub,Delhi,High Street,Beauty,2283,753,753,20451.48,4090.3,15543.12,21065.02,225,5,818.06,3.6,1615
23-03-2026,North,ST-001,Delhi Retail Hub,Delhi,High Street,Sports,1093,219,548,29537.2,5021.32,23925.14,28355.71,478,6,590.74,4.0,1914
23-03-2026,North,ST-002,Jaipur Retail Hub,Jaipur,Neighborhood,Grocery,3089,1236,2472,49835.52,8472.04,37376.64,44851.97,172,10,3986.84,3.5,7166
23-03-2026,North,ST-002,Jaipur Retail Hub,Jaipur,Neighborhood,Apparel,1280,243,243,11532.78,1614.59,8741.84,13032.04,425,7,1176.35,3.9,965
23-03-2026,North,ST-002,Jaipur Retail Hub,Jaipur,Neighborhood,Electronics,1132,226,565,109158,12007.38,91256.09,115707.48,373,0,5894.53,4.7,1264
23-03-2026,North,ST-002,Jaipur Retail Hub,Jaipur,Neighborhood,Home,2203,639,958,57911.1,15056.89,41695.99,57331.99,181,1,1158.22,3.2,1563
23-03-2026,North,ST-002,Jaipur Retail Hub,Jaipur,Neighborhood,Beauty,2664,906,2718,71537.76,16453.68,48645.68,65814.74,434,2,6438.4,3.6,1862
23-03-2026,North,ST-002,Jaipur Retail Hub,Jaipur,Neighborhood,Sports,1474,310,620,32395,6479.0,23648.35,37254.25,687,3,2267.65,4.0,2161
23-03-2026,North,ST-003,Lucknow Retail Hub,Lucknow,Outlet,Grocery,1500,615,922,18089.64,3617.93,13748.12,19717.71,381,3,723.59,3.9,913
23-03-2026,North,ST-003,Lucknow Retail Hub,Lucknow,Outlet,Apparel,1661,332,996,46015.2,7822.58,36628.11,46935.5,634,4,1564.51,4.3,1212
23-03-2026,North,ST-003,Lucknow Retail Hub,Lucknow,Outlet,Electronics,1379,290,580,135198,18927.72,99843.72,128438.1,75,9,16426.56,4.3,1511
23-03-2026,North,ST-003,Lucknow Retail Hub,Lucknow,Outlet,Home,2584,775,775,56420,6206.2,46264.4,49649.6,390,6,3949.4,3.2,1810
23-03-2026,North,ST-003,Lucknow Retail Hub,Lucknow,Outlet,Beauty,1394,488,1220,38600.8,10036.21,26634.55,42846.89,643,7,1930.04,3.2,2109
23-03-2026,North,ST-003,Lucknow Retail Hub,Lucknow,Outlet,Sports,1855,408,612,30967.2,7122.46,22915.72,32205.89,146,4,929.02,4.0,2408
23-03-2026,North,ST-004,Chandigarh Retail Hub,Chandigarh,Mall,Grocery,1976,830,830,15836.4,3642.37,10768.75,15519.67,590,0,1425.28,3.9,1160
23-03-2026,North,ST-004,Chandigarh Retail Hub,Chandigarh,Mall,Apparel,2043,429,1072,48175.68,9635.14,32807.63,43839.87,843,1,5732.91,4.3,1459
23-03-2026,North,ST-004,Chandigarh Retail Hub,Chandigarh,Mall,Electronics,1627,358,537,121791.6,20704.57,92866.1,138842.42,190,2,8220.93,4.7,1758
23-03-2026,North,ST-004,Chandigarh Retail Hub,Chandigarh,Mall,Home,1313,407,1221,86507.85,12111.1,71801.51,92563.4,599,3,2595.24,3.2,2057
23-03-2026,North,ST-004,Chandigarh Retail Hub,Chandigarh,Mall,Beauty,1775,320,640,19712,2168.32,17346.56,19712.0,852,4,197.12,3.6,2356
23-03-2026,North,ST-004,Chandigarh Retail Hub,Chandigarh,Mall,Sports,2236,514,514,31379.7,8158.72,20710.6,29183.12,355,5,2510.38,4.0,2655
23-03-2026,South,ST-005,Bengaluru Retail Hub,Bengaluru,High Street,Grocery,2453,1055,3165,58679.1,15256.57,40488.57,68654.55,799,5,2933.96,3.9,1407
23-03-2026,South,ST-005,Bengaluru Retail Hub,Bengaluru,High Street,Apparel,2424,533,1066,46562.88,10709.46,33478.71,51219.17,302,6,2374.71,4.3,1706
23-03-2026,South,ST-005,Bengaluru Retail Hub,Bengaluru,High Street,Electronics,801,184,184,40572,8114.4,31909.88,41789.16,305,7,547.72,4.3,2005
23-03-2026,South,ST-005,Bengaluru Retail Hub,Bengaluru,High Street,Home,1694,542,1355,93359.5,15871.11,70019.63,89625.12,808,0,7468.76,3.2,2304
23-03-2026,South,ST-005,Bengaluru Retail Hub,Bengaluru,High Street,Beauty,2156,410,615,18425.4,2579.56,14740.32,16398.61,311,1,1105.52,3.6,2603
23-03-2026,South,ST-005,Bengaluru Retail Hub,Bengaluru,High Street,Sports,2617,628,1884,111909.6,12310.06,95123.16,125338.75,564,2,4476.38,4.0,2902
23-03-2026,South,ST-006,Chennai Retail Hub,Chennai,Neighborhood,Grocery,2929,762,1905,34290,3771.9,30175.2,36347.4,258,2,342.9,3.9,1654
23-03-2026,South,ST-006,Chennai Retail Hub,Chennai,Neighborhood,Apparel,1153,265,398,16883.16,4389.62,10197.44,16714.33,511,3,2296.1,4.3,1953
23-03-2026,South,ST-006,Chennai Retail Hub,Chennai,Neighborhood,Electronics,1049,252,756,161935.2,37245.1,111573.35,148980.38,420,4,13116.75,4.7,2252
23-03-2026,South,ST-006,Chennai Retail Hub,Chennai,Neighborhood,Home,2076,685,1370,91721.5,18344.3,69708.34,105479.72,267,5,3668.86,3.2,2551
23-03-2026,South,ST-006,Chennai Retail Hub,Chennai,Neighborhood,Beauty,2537,507,507,14763.84,2509.85,11958.71,15944.95,520,6,295.28,3.6,2850
23-03-2026,South,ST-006,Chennai Retail Hub,Chennai,Neighborhood,Sports,1346,336,840,48510,6791.4,37352.7,48995.1,773,7,4365.9,3.6,3149
23-03-2026,South,ST-007,Hyderabad Retail Hub,Hyderabad,Outlet,Grocery,1340,362,724,12641.04,1769.75,10112.83,12008.99,467,7,758.46,3.5,1901
23-03-2026,South,ST-007,Hyderabad Retail Hub,Hyderabad,Outlet,Apparel,1534,368,368,15146.88,1666.16,12450.72,13329.25,720,0,1030.0,4.3,2200
23-03-2026,South,ST-007,Hyderabad Retail Hub,Hyderabad,Outlet,Electronics,1297,324,810,168399,43783.74,120068.49,186922.89,123,5,4546.77,4.7,2499
23-03-2026,South,ST-007,Hyderabad Retail Hub,Hyderabad,Outlet,Home,2457,835,1252,81380,18717.4,55338.4,84635.2,476,2,7324.2,3.2,2798
23-03-2026,South,ST-007,Hyderabad Retail Hub,Hyderabad,Outlet,Beauty,1266,266,798,22567.44,4513.49,16474.23,21890.42,729,3,1579.72,3.6,3097
23-03-2026,South,ST-007,Hyderabad Retail Hub,Hyderabad,Outlet,Sports,1728,449,898,50377.8,8564.23,39294.68,45340.02,232,4,2518.89,4.0,3396
23-03-2026,South,ST-008,Kochi Retail Hub,Kochi,Mall,Grocery,1817,509,764,12926.88,2197.57,10470.77,14736.64,676,4,258.54,3.9,2148
23-03-2026,South,ST-008,Kochi Retail Hub,Kochi,Mall,Apparel,1915,479,1437,57336.3,8027.08,40536.76,61349.84,179,9,8772.46,3.9,2447
23-03-2026,South,ST-008,Kochi Retail Hub,Kochi,Mall,Electronics,1545,402,804,162086.4,17829.5,128939.73,162086.4,238,6,15317.17,4.7,2746
23-03-2026,South,ST-008,Kochi Retail Hub,Kochi,Mall,Home,1186,415,415,26165.75,6803.1,18054.36,24334.15,685,7,1308.29,2.8,3045
23-03-2026,South,ST-008,Kochi Retail Hub,Kochi,Mall,Beauty,1647,362,905,24833.2,5711.64,18376.56,28806.51,188,0,745.0,3.6,3344
23-03-2026,South,ST-008,Kochi Retail Hub,Kochi,Mall,Sports,2109,569,854,46500.3,9300.06,36735.24,50685.33,441,1,465.0,4.0,3643
23-03-2026,East,ST-009,Kolkata Retail Hub,Kolkata,High Street,Grocery,2294,665,665,13526.1,2705.22,9874.05,13931.88,135,5,946.83,3.9,2395
23-03-2026,East,ST-009,Kolkata Retail Hub,Kolkata,High Street,Apparel,2296,597,1492,57650.88,9800.65,42949.91,55344.84,388,2,4900.32,4.3,2694
23-03-2026,East,ST-009,Kolkata Retail Hub,Kolkata,High Street,Electronics,719,194,291,56832.3,7956.52,46574.07,50580.75,353,3,2301.71,4.7,2993
23-03-2026,East,ST-009,Kolkata Retail Hub,Kolkata,High Street,Home,1567,282,846,51690.6,5685.97,45487.72,57893.47,144,8,516.91,2.8,3292
23-03-2026,East,ST-009,Kolkata Retail Hub,Kolkata,High Street,Beauty,2028,466,932,24791.2,6445.71,16362.19,26030.76,397,5,1983.3,3.6,3591
23-03-2026,East,ST-009,Kolkata Retail Hub,Kolkata,High Street,Sports,2490,697,697,36801.6,8464.37,26129.13,36065.57,650,6,2208.1,4.0,3890
23-03-2026,East,ST-010,Bhubaneswar Retail Hub,Bhubaneswar,Neighborhood,Grocery,2771,831,2493,49361.4,11353.12,36527.44,45412.49,344,6,1480.84,3.9,2642
23-03-2026,East,ST-010,Bhubaneswar Retail Hub,Bhubaneswar,Neighborhood,Apparel,2677,723,1446,67412.52,13482.5,52784.0,77524.4,597,7,1146.02,3.9,2941
23-03-2026,East,ST-010,Bhubaneswar Retail Hub,Bhubaneswar,Neighborhood,Electronics,966,270,270,63504,10795.68,45849.89,68584.32,468,0,6858.43,4.7,3240
23-03-2026,East,ST-010,Bhubaneswar Retail Hub,Bhubaneswar,Neighborhood,Home,1948,370,925,67941.25,9511.78,54352.99,68620.66,353,1,4076.48,3.2,3539
23-03-2026,East,ST-010,Bhubaneswar Retail Hub,Bhubaneswar,Neighborhood,Beauty,2410,578,867,22333.92,2456.73,18983.83,20993.88,606,2,893.36,3.6,3838
23-03-2026,East,ST-010,Bhubaneswar Retail Hub,Bhubaneswar,Neighborhood,Sports,1219,354,1062,54321.3,14123.54,39111.33,63555.92,859,3,1086.43,4.0,4137
23-03-2026,East,ST-011,Guwahati Retail Hub,Guwahati,Outlet,Grocery,3246,1006,2515,48438.9,12594.11,31969.68,53767.18,553,3,3875.11,3.9,2889
23-03-2026,East,ST-011,Guwahati Retail Hub,Guwahati,Outlet,Apparel,1407,394,591,26807.76,6165.78,17907.58,27880.07,806,4,2734.4,4.3,3188
23-03-2026,East,ST-011,Guwahati Retail Hub,Guwahati,Outlet,Electronics,1214,352,1056,241718.4,48343.68,180321.92,234466.85,170,9,13052.8,4.3,3487
23-03-2026,East,ST-011,Guwahati Retail Hub,Guwahati,Outlet,Home,2329,466,932,66638,11328.46,53976.78,59974.2,562,6,1332.76,3.2,3786
23-03-2026,East,ST-011,Guwahati Retail Hub,Guwahati,Outlet,Beauty,1139,285,285,8857.8,1240.09,6820.51,10009.31,815,7,797.2,3.2,4085
23-03-2026,East,ST-011,Guwahati Retail Hub,Guwahati,Outlet,Sports,1600,480,1200,73920,8131.2,60614.4,78355.2,318,0,5174.4,4.0,4384
23-03-2026,East,ST-012,Patna Retail Hub,Patna,Mall,Grocery,1658,531,1062,19880.64,2186.87,16898.54,19880.64,762,0,795.23,3.9,3136
23-03-2026,East,ST-012,Patna Retail Hub,Patna,Mall,Apparel,1788,519,519,22887.9,5950.85,16158.86,21285.75,265,1,778.19,4.3,3435
23-03-2026,East,ST-012,Patna Retail Hub,Patna,Mall,Electronics,1462,439,1098,244414.8,56215.4,158503.0,283521.17,285,2,29696.4,4.7,3734
23-03-2026,East,ST-012,Patna Retail Hub,Patna,Mall,Home,2710,569,854,59395.7,11879.14,43358.86,64741.31,771,3,4157.7,3.2,4033
23-03-2026,East,ST-012,Patna Retail Hub,Patna,Mall,Beauty,1520,395,1185,35834.4,6091.85,27950.83,36551.09,274,4,1791.72,3.6,4332
23-03-2026,East,ST-012,Patna Retail Hub,Patna,Mall,Sports,1981,614,1228,73618.6,10306.6,61103.44,69937.67,527,5,2208.56,4.0,4631
23-03-2026,West,ST-013,Mumbai Retail Hub,Mumbai,High Street,Grocery,2135,705,1058,19234.44,2692.82,14810.52,17118.65,221,5,1731.1,3.9,3383
23-03-2026,West,ST-013,Mumbai Retail Hub,Mumbai,High Street,Apparel,2169,651,1953,83666.52,9203.32,64506.88,93706.5,474,6,9956.32,4.3,3682
23-03-2026,West,ST-013,Mumbai Retail Hub,Mumbai,High Street,Electronics,1710,530,1060,229278,59612.28,154189.45,240741.9,400,7,15476.27,4.3,3981
23-03-2026,West,ST-013,Mumbai Retail Hub,Mumbai,High Street,Home,1440,317,317,21429.2,4928.72,15857.6,21000.62,230,0,642.88,3.2,4280
23-03-2026,West,ST-013,Mumbai Retail Hub,Mumbai,High Street,Beauty,1901,513,1282,37690.8,7538.16,29775.73,34298.63,483,1,376.91,3.6,4579
23-03-2026,West,ST-013,Mumbai Retail Hub,Mumbai,High Street,Sports,2362,756,1134,66112.2,11239.07,49584.15,75367.91,736,2,5288.98,4.0,4878
23-03-2026,West,ST-014,Pune Retail Hub,Pune,Neighborhood,Grocery,2610,887,887,15646.68,2659.94,12204.41,16898.41,430,2,782.33,3.9,3630
23-03-2026,West,ST-014,Pune Retail Hub,Pune,Neighborhood,Apparel,2550,790,1975,82120.5,11496.87,66435.49,82941.7,683,3,4188.14,4.3,3929
23-03-2026,West,ST-014,Pune Retail Hub,Pune,Neighborhood,Electronics,884,124,186,39060,4296.6,34236.09,36716.4,102,4,527.31,4.7,4228
23-03-2026,West,ST-014,Pune Retail Hub,Pune,Neighborhood,Home,1821,419,1257,82522.05,21455.73,54464.56,96550.8,439,5,6601.76,3.2,4527
23-03-2026,West,ST-014,Pune Retail Hub,Pune,Neighborhood,Beauty,2282,639,1278,36499.68,8394.93,25914.77,40149.65,692,6,2189.98,3.6,4826
23-03-2026,West,ST-014,Pune Retail Hub,Pune,Neighborhood,Sports,1092,360,360,20394,4078.8,15499.44,21005.82,195,7,815.76,3.6,5125
23-03-2026,West,ST-015,Ahmedabad Retail Hub,Ahmedabad,Outlet,Grocery,3087,1080,3240,55404,11080.8,43769.16,53741.88,639,7,554.04,3.5,3877
23-03-2026,West,ST-015,Ahmedabad Retail Hub,Ahmedabad,Outlet,Apparel,1279,409,818,32981.76,5606.9,22889.34,29683.58,142,4,4485.52,4.3,4176
23-03-2026,West,ST-015,Ahmedabad Retail Hub,Ahmedabad,Outlet,Electronics,1132,170,170,34629,4848.06,26975.99,39130.77,217,1,2804.95,4.7,4475
23-03-2026,West,ST-015,Ahmedabad Retail Hub,Ahmedabad,Outlet,Home,2202,528,1320,84084,9249.24,71471.4,89129.04,648,2,3363.36,3.2,4774
23-03-2026,West,ST-015,Ahmedabad Retail Hub,Ahmedabad,Outlet,Beauty,2663,772,1158,32099.76,8345.94,23111.82,31778.76,151,7,642.0,3.2,5073
23-03-2026,West,ST-015,Ahmedabad Retail Hub,Ahmedabad,Outlet,Sports,1473,501,1503,82665,19012.95,56212.2,76051.8,404,4,7439.85,4.0,5372
23-03-2026,West,ST-016,Surat Retail Hub,Surat,Mall,Grocery,1499,540,1350,22356,5141.88,15872.76,25932.96,848,4,1341.36,3.9,4124
23-03-2026,West,ST-016,Surat Retail Hub,Surat,Mall,Apparel,1660,548,822,32107.32,6421.46,23502.57,34996.98,351,5,2183.29,4.3,4423
23-03-2026,West,ST-016,Surat Retail Hub,Surat,Mall,Electronics,1379,221,663,130876.2,22248.95,105093.6,133493.72,332,6,3533.65,4.7,4722
23-03-2026,West,ST-016,Surat Retail Hub,Surat,Mall,Home,2583,646,1292,79781,11169.34,61431.37,75791.95,857,7,7180.29,2.8,5021
23-03-2026,West,ST-016,Surat Retail Hub,Surat,Mall,Beauty,1392,418,418,11235.84,1235.94,9213.39,9887.54,360,0,786.51,3.6,5320
23-03-2026,West,ST-016,Surat Retail Hub,Surat,Mall,Sports,1854,649,1622,86533.7,22498.76,59708.25,96052.41,613,1,4326.69,4.0,5619
23-03-2026,Central,ST-017,Bhopal Retail Hub,Bhopal,High Street,Grocery,1975,731,1462,29210.76,7594.8,21031.74,30671.3,307,1,584.22,3.9,4371
23-03-2026,Central,ST-017,Bhopal Retail Hub,Bhopal,High Street,Apparel,2041,694,694,32645.76,7508.52,20142.44,31992.84,560,2,4994.8,4.3,4670
23-03-2026,Central,ST-017,Bhopal Retail Hub,Bhopal,High Street,Electronics,1627,277,692,164211.6,32842.32,115851.29,149432.56,447,3,15517.99,4.7,4969
23-03-2026,Central,ST-017,Bhopal Retail Hub,Bhopal,High Street,Home,1312,341,512,30617.6,5204.99,23881.73,34904.06,316,4,1530.88,3.2,5268
23-03-2026,Central,ST-017,Bhopal Retail Hub,Bhopal,High Street,Beauty,1774,550,1650,42966,6015.24,35661.78,45973.62,569,5,1288.98,3.6,5567
23-03-2026,Central,ST-017,Bhopal Retail Hub,Bhopal,High Street,Sports,2235,402,804,41566.8,4572.35,36578.78,41566.8,822,6,415.67,4.0,5866
23-03-2026,Central,ST-018,Indore Retail Hub,Indore,Neighborhood,Grocery,2452,932,1398,27177.12,2989.48,22285.24,25546.49,516,6,1902.4,3.9,4618
23-03-2026,Central,ST-018,Indore Retail Hub,Indore,Neighborhood,Apparel,2423,848,2544,116464.32,30280.72,76284.13,136263.25,769,7,9899.47,3.9,4917
23-03-2026,Central,ST-018,Indore Retail Hub,Indore,Neighborhood,Electronics,801,144,288,66528,15301.44,48532.18,73180.8,150,0,2694.38,4.7,5216
23-03-2026,Central,ST-018,Indore Retail Hub,Indore,Neighborhood,Home,1693,457,457,32972.55,6594.51,26048.31,33961.73,525,1,329.73,3.2,5515
23-03-2026,Central,ST-018,Indore Retail Hub,Indore,Neighborhood,Beauty,2155,690,1725,54096,9196.32,40572.0,51932.16,778,2,4327.68,3.6,5814
23-03-2026,Central,ST-018,Indore Retail Hub,Indore,Neighborhood,Sports,2616,497,746,46363.9,6490.95,37091.12,41263.87,281,3,2781.83,4.0,6113
23-03-2026,Central,ST-019,Nagpur Retail Hub,Nagpur,Outlet,Grocery,2928,1142,1142,21583.8,3021.73,17914.56,24389.69,725,3,647.51,3.9,4865
23-03-2026,Central,ST-019,Nagpur Retail Hub,Nagpur,Outlet,Apparel,1152,207,518,23061.36,2536.75,20132.57,24445.04,228,4,392.04,4.3,5164
23-03-2026,Central,ST-019,Nagpur Retail Hub,Nagpur,Outlet,Electronics,1049,199,298,66960.6,17409.76,42319.09,66290.99,265,5,7231.75,4.7,5463
23-03-2026,Central,ST-019,Nagpur Retail Hub,Nagpur,Outlet,Home,2074,581,1743,122358.6,28142.48,86874.6,112569.91,734,6,7341.52,3.2,5762
23-03-2026,Central,ST-019,Nagpur Retail Hub,Nagpur,Outlet,Beauty,2536,837,1674,51090.48,10218.1,38828.76,58754.05,237,7,2043.62,3.2,6061
23-03-2026,Central,ST-019,Nagpur Retail Hub,Nagpur,Outlet,Sports,1345,269,269,16274.5,2766.66,13182.35,17576.46,490,0,325.49,4.0,6360
23-03-2026,Central,ST-020,Raipur Retail Hub,Raipur,Mall,Grocery,1339,536,1608,29522.88,5018.89,22142.16,30113.34,184,0,2361.83,3.9,5112
23-03-2026,Central,ST-020,Raipur Retail Hub,Raipur,Mall,Apparel,1533,291,582,25177.32,3524.82,19084.41,23918.45,437,1,2568.09,4.3,5411
23-03-2026,Central,ST-020,Raipur Retail Hub,Raipur,Mall,Electronics,1296,259,259,56565.6,6222.22,47288.84,49777.73,380,2,3054.54,4.7,5710
23-03-2026,Central,ST-020,Raipur Retail Hub,Raipur,Mall,Home,2456,712,1780,121485,31586.1,87469.2,134848.35,193,3,2429.7,3.2,6009
23-03-2026,Central,ST-020,Raipur Retail Hub,Raipur,Mall,Beauty,1265,430,645,19143.6,4403.03,13017.65,19909.34,446,4,1722.92,3.6,6308
23-03-2026,Central,ST-020,Raipur Retail Hub,Raipur,Mall,Sports,1726,362,1086,63911.1,12782.22,46655.1,61993.77,699,5,4473.78,4.0,6607
30-03-2026,North,ST-001,Delhi Retail Hub,Delhi,High Street,Grocery,1475,590,590,11469.6,1261.66,9290.37,12387.17,370,4,917.57,3.8,900
30-03-2026,North,ST-001,Delhi Retail Hub,Delhi,High Street,Apparel,1641,312,780,35708.4,2856.67,29209.48,36065.48,623,5,3642.25,4.2,1199
30-03-2026,North,ST-001,Delhi Retail Hub,Delhi,High Street,Electronics,1366,273,410,94710,4735.5,84860.16,89027.4,69,10,5114.34,4.2,1498
30-03-2026,North,ST-001,Delhi Retail Hub,Delhi,High Street,Home,2564,744,2232,161038.8,32207.76,125610.26,188415.4,379,7,3220.78,4.6,1797
30-03-2026,North,ST-001,Delhi Retail Hub,Delhi,High Street,Beauty,1374,467,934,29290.24,4979.34,21674.78,32219.26,632,0,2636.12,3.5,2096
30-03-2026,North,ST-001,Delhi Retail Hub,Delhi,High Street,Sports,1835,385,385,23927.75,3349.88,18902.93,24645.58,135,5,1674.94,3.9,2395
30-03-2026,North,ST-002,Jaipur Retail Hub,Jaipur,Neighborhood,Grocery,1952,800,2400,45360,6350.4,37195.2,43999.2,579,1,1814.4,3.8,1147
30-03-2026,North,ST-002,Jaipur Retail Hub,Jaipur,Neighborhood,Apparel,2023,405,810,36061.2,3966.73,30868.4,32455.08,832,2,1226.07,4.2,1446
30-03-2026,North,ST-002,Jaipur Retail Hub,Jaipur,Neighborhood,Electronics,1614,339,339,76173.3,6093.86,60824.38,86075.83,184,3,9255.06,4.6,1745
30-03-2026,North,ST-002,Jaipur Retail Hub,Jaipur,Neighborhood,Home,1293,388,970,68094,3404.7,59922.72,72179.64,588,4,4766.58,5.0,2044
30-03-2026,North,ST-002,Jaipur Retail Hub,Jaipur,Neighborhood,Beauty,1755,614,921,28108.92,5621.78,21081.69,27827.83,841,5,1405.45,3.5,2343
30-03-2026,North,ST-002,Jaipur Retail Hub,Jaipur,Neighborhood,Sports,2216,488,1464,88572,15057.24,70857.6,81486.24,344,6,2657.16,3.9,2642
30-03-2026,North,ST-003,Lucknow Retail Hub,Lucknow,Outlet,Grocery,2428,1020,2550,46818,7959.06,34645.32,54308.88,788,6,4213.62,3.8,1394
30-03-2026,North,ST-003,Lucknow Retail Hub,Lucknow,Outlet,Apparel,2404,505,758,32791.08,4590.75,24298.18,35742.28,291,7,3902.15,3.8,1693
30-03-2026,North,ST-003,Lucknow Retail Hub,Lucknow,Outlet,Electronics,788,173,519,113349.6,12468.46,93230.04,115616.59,299,0,7651.1,4.6,1992
30-03-2026,North,ST-003,Lucknow Retail Hub,Lucknow,Outlet,Home,1674,519,1038,70843.5,5667.48,63050.72,67301.32,797,1,2125.3,5.0,2291
30-03-2026,North,ST-003,Lucknow Retail Hub,Lucknow,Outlet,Beauty,2136,384,384,11397.12,569.86,10713.29,10029.47,300,2,113.97,3.5,2590
30-03-2026,North,ST-003,Lucknow Retail Hub,Lucknow,Outlet,Sports,2597,597,1492,87804.2,17560.84,63219.02,97462.66,553,3,7024.34,3.9,2889
30-03-2026,North,ST-004,Chandigarh Retail Hub,Chandigarh,Mall,Grocery,2904,1249,2498,44514.36,8902.87,33385.77,46740.08,247,3,2225.72,3.8,1641
30-03-2026,North,ST-004,Chandigarh Retail Hub,Chandigarh,Mall,Apparel,1133,249,249,10458,1777.86,8146.78,10248.84,500,4,533.36,4.2,1940
30-03-2026,North,ST-004,Chandigarh Retail Hub,Chandigarh,Mall,Electronics,1036,238,595,126199.5,17667.93,106827.87,114841.54,414,5,1703.7,4.6,2239
30-03-2026,North,ST-004,Chandigarh Retail Hub,Chandigarh,Mall,Home,2056,658,987,65438.1,7198.19,53004.86,74599.43,256,6,5235.05,5.0,2538
30-03-2026,North,ST-004,Chandigarh Retail Hub,Chandigarh,Mall,Beauty,2517,478,1434,41356.56,3308.52,35566.65,44251.52,509,7,2481.39,3.1,2837
30-03-2026,North,ST-004,Chandigarh Retail Hub,Chandigarh,Mall,Sports,1326,318,636,36379.2,1818.96,33105.07,36379.2,762,0,1455.17,3.9,3136
30-03-2026,South,ST-005,Bengaluru Retail Hub,Bengaluru,High Street,Grocery,3381,879,1318,22775.04,1138.75,21408.54,21408.54,456,0,227.75,3.8,1888
30-03-2026,South,ST-005,Bengaluru Retail Hub,Bengaluru,High Street,Apparel,1514,348,1044,42532.56,8506.51,28241.63,49763.1,709,1,5784.42,4.2,2187
30-03-2026,South,ST-005,Bengaluru Retail Hub,Bengaluru,High Street,Electronics,1284,308,616,126772.8,21551.38,94952.82,139450.08,117,6,10268.6,4.6,2486
30-03-2026,South,ST-005,Bengaluru Retail Hub,Bengaluru,High Street,Home,2437,804,804,51737.4,7243.24,42424.66,53289.52,465,3,2069.5,5.0,2785
30-03-2026,South,ST-005,Bengaluru Retail Hub,Bengaluru,High Street,Beauty,1246,249,622,17416,1915.76,15151.92,16719.36,718,4,348.32,3.5,3084
30-03-2026,South,ST-005,Bengaluru Retail Hub,Bengaluru,High Street,Sports,1707,427,640,35552,2844.16,29508.16,31641.28,221,5,3199.68,3.9,3383
30-03-2026,South,ST-006,Chennai Retail Hub,Chennai,Neighborhood,Grocery,1792,484,484,8102.16,648.17,6967.86,9155.44,665,5,486.13,3.8,2135
30-03-2026,South,ST-006,Chennai Retail Hub,Chennai,Neighborhood,Apparel,1895,455,1138,44928.24,2246.41,39626.71,47623.93,168,10,3055.12,3.8,2434
30-03-2026,South,ST-006,Chennai Retail Hub,Chennai,Neighborhood,Electronics,1532,383,574,114513,22902.6,88518.55,113367.87,232,7,3091.85,4.2,2733
30-03-2026,South,ST-006,Chennai Retail Hub,Chennai,Neighborhood,Home,1166,396,1188,74131.2,12602.3,54857.09,68200.7,674,0,6671.81,5.0,3032
30-03-2026,South,ST-006,Chennai Retail Hub,Chennai,Neighborhood,Beauty,1627,342,684,18577.44,2600.84,14676.18,21364.06,177,5,1300.42,3.5,3331
30-03-2026,South,ST-006,Chennai Retail Hub,Chennai,Neighborhood,Sports,2089,543,543,29267.7,3219.45,24584.86,31609.12,430,2,1463.39,3.9,3630
30-03-2026,South,ST-007,Hyderabad Retail Hub,Hyderabad,Outlet,Grocery,2268,635,1905,38404.8,4224.53,33412.17,39172.9,124,6,768.1,3.8,2382
30-03-2026,South,ST-007,Hyderabad Retail Hub,Hyderabad,Outlet,Apparel,2276,569,1138,54009.48,4320.76,41425.28,51309.01,377,3,8263.44,4.2,2681
30-03-2026,South,ST-007,Hyderabad Retail Hub,Hyderabad,Outlet,Electronics,706,184,184,35548.8,1777.44,30411.99,31282.94,346,4,3359.37,4.6,2980
30-03-2026,South,ST-007,Hyderabad Retail Hub,Hyderabad,Outlet,Home,1547,541,1352,81728.4,16345.68,61296.3,90718.52,133,9,4086.42,4.6,3279
30-03-2026,South,ST-007,Hyderabad Retail Hub,Hyderabad,Outlet,Beauty,2008,442,663,17450.16,2966.53,13960.13,18148.17,386,6,523.5,3.5,3578
30-03-2026,South,ST-007,Hyderabad Retail Hub,Hyderabad,Outlet,Sports,2470,667,2001,104552.25,14637.32,88869.41,101415.68,639,7,1045.52,3.5,3877
30-03-2026,South,ST-008,Kochi Retail Hub,Kochi,Mall,Grocery,2745,796,1990,39043.8,5466.13,30844.6,35529.86,333,7,2733.07,3.4,2629
30-03-2026,South,ST-008,Kochi Retail Hub,Kochi,Mall,Apparel,2657,691,1036,47863.2,5264.95,38529.88,54564.05,586,0,4068.37,4.2,2928
30-03-2026,South,ST-008,Kochi Retail Hub,Kochi,Mall,Electronics,953,257,771,179720.1,14377.61,158063.83,192300.51,461,1,7278.66,4.6,3227
30-03-2026,South,ST-008,Kochi Retail Hub,Kochi,Mall,Home,1928,347,694,50523.2,2526.16,47491.81,50523.2,342,2,505.23,5.0,3526
30-03-2026,South,ST-008,Kochi Retail Hub,Kochi,Mall,Beauty,2390,550,550,17402,3480.4,12529.44,16183.86,595,3,1392.16,3.5,3825
30-03-2026,South,ST-008,Kochi Retail Hub,Kochi,Mall,Sports,1199,336,840,42504,7225.68,32728.08,49304.64,848,4,2550.24,3.9,4124
30-03-2026,East,ST-009,Kolkata Retail Hub,Kolkata,High Street,Grocery,3221,966,1932,36862.56,6266.64,29490.04,40548.82,542,4,1105.88,3.8,2876
30-03-2026,East,ST-009,Kolkata Retail Hub,Kolkata,High Street,Apparel,1386,374,374,16807.56,2353.06,14168.76,17311.79,795,5,285.74,4.2,3175
30-03-2026,East,ST-009,Kolkata Retail Hub,Kolkata,High Street,Electronics,1201,336,840,190512,20956.32,148980.38,182891.52,164,10,20575.3,4.2,3474
30-03-2026,East,ST-009,Kolkata Retail Hub,Kolkata,High Street,Home,2309,439,658,46619.3,3729.54,40092.6,41491.18,551,7,2797.16,4.6,3773
30-03-2026,East,ST-009,Kolkata Retail Hub,Kolkata,High Street,Beauty,1119,269,807,24855.6,1242.78,22618.6,27838.27,804,0,994.22,3.5,4072
30-03-2026,East,ST-009,Kolkata Retail Hub,Kolkata,High Street,Sports,1580,458,916,55921.8,11184.36,43619.0,58717.89,307,1,1118.44,3.9,4371
30-03-2026,East,ST-010,Bhubaneswar Retail Hub,Bhubaneswar,Neighborhood,Grocery,1633,506,759,14071.86,2814.37,10131.74,13931.14,751,1,1125.75,3.8,3123
30-03-2026,East,ST-010,Bhubaneswar Retail Hub,Bhubaneswar,Neighborhood,Apparel,1768,495,1485,64864.8,11027.02,47221.57,59675.62,254,2,6616.21,4.2,3422
30-03-2026,East,ST-010,Bhubaneswar Retail Hub,Bhubaneswar,Neighborhood,Electronics,1449,420,840,185220,25930.8,149287.32,213003.0,279,3,10001.88,4.6,3721
30-03-2026,East,ST-010,Bhubaneswar Retail Hub,Bhubaneswar,Neighborhood,Home,2690,538,538,37068.2,4077.5,32249.34,40033.66,760,4,741.36,5.0,4020
30-03-2026,East,ST-010,Bhubaneswar Retail Hub,Bhubaneswar,Neighborhood,Beauty,1500,375,938,28102.48,2248.2,23325.06,28383.5,263,5,2529.22,3.5,4319
30-03-2026,East,ST-010,Bhubaneswar Retail Hub,Bhubaneswar,Neighborhood,Sports,1961,588,882,52390.8,2619.54,46103.9,49247.35,516,6,3667.36,3.9,4618
30-03-2026,East,ST-011,Guwahati Retail Hub,Guwahati,Outlet,Grocery,2110,675,675,12150,607.5,11056.5,10692.0,210,6,486.0,3.8,3370
30-03-2026,East,ST-011,Guwahati Retail Hub,Guwahati,Outlet,Apparel,2149,623,1558,66090.36,13218.07,50625.21,73360.3,463,7,2247.08,3.8,3669
30-03-2026,East,ST-011,Guwahati Retail Hub,Guwahati,Outlet,Electronics,1697,509,764,163648.8,27820.3,115945.17,170194.75,394,0,19883.33,4.6,3968
30-03-2026,East,ST-011,Guwahati Retail Hub,Guwahati,Outlet,Home,1420,298,894,59853.3,8379.46,47284.11,58057.7,219,1,4189.73,5.0,4267
30-03-2026,East,ST-011,Guwahati Retail Hub,Guwahati,Outlet,Beauty,1881,489,978,28479.36,3132.73,23922.66,25631.42,472,2,1423.97,3.5,4566
30-03-2026,East,ST-011,Guwahati Retail Hub,Guwahati,Outlet,Sports,2342,726,726,41926.5,3354.12,37314.59,47376.94,725,3,1257.79,3.9,4865
30-03-2026,East,ST-012,Patna Retail Hub,Patna,Mall,Grocery,2585,853,2559,44680.14,3574.41,37084.52,47807.75,419,3,4021.21,3.8,3617
30-03-2026,East,ST-012,Patna Retail Hub,Patna,Mall,Apparel,2530,759,1518,62480.88,3124.04,51921.62,62480.88,672,4,7435.22,4.2,3916
30-03-2026,East,ST-012,Patna Retail Hub,Patna,Mall,Electronics,871,270,270,56133,11226.6,41117.42,52203.69,96,9,3788.98,4.2,4215
30-03-2026,East,ST-012,Patna Retail Hub,Patna,Mall,Home,1801,396,990,64350,10939.5,51480.0,74646.0,428,6,1930.5,5.0,4514
30-03-2026,East,ST-012,Patna Retail Hub,Patna,Mall,Beauty,2262,611,916,25904.48,3626.63,22018.81,28235.88,681,7,259.04,3.1,4813
30-03-2026,East,ST-012,Patna Retail Hub,Patna,Mall,Sports,1071,343,1029,57726.9,6349.96,46758.79,58881.44,184,0,4618.15,3.9,5112
30-03-2026,West,ST-013,Mumbai Retail Hub,Mumbai,High Street,Grocery,3062,1041,2602,44025.84,4842.84,36981.71,42264.81,628,0,2201.29,3.8,3864
30-03-2026,West,ST-013,Mumbai Retail Hub,Mumbai,High Street,Apparel,1259,390,585,23341.5,1867.32,20283.77,20773.94,131,5,1190.41,4.2,4163
30-03-2026,West,ST-013,Mumbai Retail Hub,Mumbai,High Street,Electronics,1119,157,471,94953.6,4747.68,88924.04,106348.03,211,2,1281.88,4.6,4462
30-03-2026,West,ST-013,Mumbai Retail Hub,Mumbai,High Street,Home,2182,502,1004,63302.2,12660.44,45577.58,66467.31,637,3,5064.18,5.0,4761
30-03-2026,West,ST-013,Mumbai Retail Hub,Mumbai,High Street,Beauty,2643,740,740,20305.6,3451.95,15635.31,19899.49,140,8,1218.34,3.1,5060
30-03-2026,West,ST-013,Mumbai Retail Hub,Mumbai,High Street,Sports,1453,479,1198,65231.1,9132.35,53489.51,59360.3,393,5,2609.24,3.9,5359
30-03-2026,West,ST-014,Pune Retail Hub,Pune,Neighborhood,Grocery,1474,516,1032,20990.88,2938.72,17842.25,24139.51,837,5,209.91,3.8,4111
30-03-2026,West,ST-014,Pune Retail Hub,Pune,Neighborhood,Apparel,1640,525,525,20286,2231.46,15295.64,21908.88,340,6,2758.9,4.2,4410
30-03-2026,West,ST-014,Pune Retail Hub,Pune,Neighborhood,Electronics,1366,205,512,99993.6,7999.49,83894.62,100993.54,326,7,8099.49,4.2,4709
30-03-2026,West,ST-014,Pune Retail Hub,Pune,Neighborhood,Home,2563,615,922,56334.2,2816.71,51264.12,52954.15,846,0,2253.37,5.0,5008
30-03-2026,West,ST-014,Pune Retail Hub,Pune,Neighborhood,Beauty,1372,398,1194,31760.4,6352.08,24773.11,37159.67,349,1,635.21,3.5,5307
30-03-2026,West,ST-014,Pune Retail Hub,Pune,Neighborhood,Sports,1834,624,1248,65894.4,11202.05,48761.85,72483.84,602,2,5930.5,3.9,5606
30-03-2026,West,ST-015,Ahmedabad Retail Hub,Ahmedabad,Outlet,Grocery,1949,702,1053,20849.4,3544.4,16054.04,21683.38,296,2,1250.96,3.8,4358
30-03-2026,West,ST-015,Ahmedabad Retail Hub,Ahmedabad,Outlet,Apparel,2021,667,2001,93286.62,13060.13,73883.01,90488.02,549,3,6343.48,4.2,4657
30-03-2026,West,ST-015,Ahmedabad Retail Hub,Ahmedabad,Outlet,Electronics,1614,258,516,121363.2,13349.95,104736.45,109226.88,441,4,3276.8,4.6,4956
30-03-2026,West,ST-015,Ahmedabad Retail Hub,Ahmedabad,Outlet,Home,1292,323,323,23724.35,1897.95,19691.21,26808.52,305,5,2135.19,5.0,5255
30-03-2026,West,ST-015,Ahmedabad Retail Hub,Ahmedabad,Outlet,Beauty,1753,526,1315,33874.4,1693.72,29809.47,35906.86,558,6,2371.21,3.5,5554
30-03-2026,West,ST-015,Ahmedabad Retail Hub,Ahmedabad,Outlet,Sports,2215,775,1162,59436.3,11887.26,44577.22,58841.94,811,7,2971.82,3.5,5853
30-03-2026,West,ST-016,Surat Retail Hub,Surat,Mall,Grocery,2426,898,898,17295.48,3459.1,13490.47,16084.8,505,7,345.91,3.4,4605
30-03-2026,West,ST-016,Surat Retail Hub,Surat,Mall,Apparel,2402,817,2042,92625.12,15746.27,62707.21,107445.14,758,0,14171.64,4.2,4904
30-03-2026,West,ST-016,Surat Retail Hub,Surat,Mall,Electronics,788,134,201,46008.9,6441.25,35219.81,50149.7,144,1,4347.84,4.6,5203
30-03-2026,West,ST-016,Surat Retail Hub,Surat,Mall,Home,1673,435,1305,93307.5,10263.83,78378.29,95173.65,514,2,4665.38,5.0,5502
30-03-2026,West,ST-016,Surat Retail Hub,Surat,Mall,Beauty,2135,662,1324,41149.92,3291.99,36623.43,39092.42,767,3,1234.5,3.5,5801
30-03-2026,West,ST-016,Surat Retail Hub,Surat,Mall,Sports,2596,467,467,28767.2,1438.36,27041.17,25315.14,270,4,287.67,3.9,6100
30-03-2026,Central,ST-017,Bhopal Retail Hub,Bhopal,High Street,Grocery,2903,1103,3309,61944.48,3097.22,54511.15,69377.82,714,4,4336.11,3.8,4852
30-03-2026,Central,ST-017,Bhopal Retail Hub,Bhopal,High Street,Apparel,1132,396,792,34927.2,6985.44,24972.95,36673.56,217,5,2968.81,4.2,5151
30-03-2026,Central,ST-017,Bhopal Retail Hub,Bhopal,High Street,Electronics,1036,186,186,41403.6,7038.61,32688.14,40575.53,258,6,1676.85,4.6,5450
30-03-2026,Central,ST-017,Bhopal Retail Hub,Bhopal,High Street,Home,2054,555,1388,96535.4,13514.96,82055.09,87847.21,723,7,965.35,4.6,5749
30-03-2026,Central,ST-017,Bhopal Retail Hub,Bhopal,High Street,Beauty,2516,805,1208,36529.92,4018.29,29589.24,41644.11,226,0,2922.39,3.5,6048
30-03-2026,Central,ST-017,Bhopal Retail Hub,Bhopal,High Street,Sports,1325,252,756,45322.2,3625.78,38977.09,48494.75,479,1,2719.33,3.9,6347
30-03-2026,Central,ST-018,Indore Retail Hub,Indore,Neighborhood,Grocery,3380,1318,3295,59903.1,4792.25,53313.76,60502.13,173,5,1797.09,3.8,5099
30-03-2026,Central,ST-018,Indore Retail Hub,Indore,Neighborhood,Apparel,1513,272,408,17478.72,873.94,16307.64,16430.0,426,2,297.14,4.2,5398
30-03-2026,Central,ST-018,Indore Retail Hub,Indore,Neighborhood,Electronics,1283,244,732,158331.6,31666.32,109565.46,185247.97,373,3,17099.82,4.6,5697
30-03-2026,Central,ST-018,Indore Retail Hub,Indore,Neighborhood,Home,2436,682,1364,92206.4,15675.09,70998.93,101427.04,182,4,5532.38,5.0,5996
30-03-2026,Central,ST-018,Indore Retail Hub,Indore,Neighborhood,Beauty,1245,411,411,12083.4,1691.68,9908.38,12445.9,435,5,483.34,3.5,6295
30-03-2026,Central,ST-018,Indore Retail Hub,Indore,Neighborhood,Sports,1706,341,852,49671.6,5463.88,43214.29,47684.74,688,6,993.43,3.9,6594
30-03-2026,Central,ST-019,Nagpur Retail Hub,Nagpur,Outlet,Grocery,1791,716,1432,25260.48,2778.65,20460.99,22734.43,382,6,2020.84,3.8,5346
30-03-2026,Central,ST-019,Nagpur Retail Hub,Nagpur,Outlet,Apparel,1894,360,360,14968.8,1197.5,12244.48,16914.74,635,7,1526.82,3.8,5645
30-03-2026,Central,ST-019,Nagpur Retail Hub,Nagpur,Outlet,Electronics,1530,306,765,160650,8032.5,143942.4,170289.0,76,4,8675.1,4.6,5944
30-03-2026,Central,ST-019,Nagpur Retail Hub,Nagpur,Outlet,Home,1165,338,507,33284.55,6656.91,25961.95,32951.7,391,1,665.69,5.0,6243
30-03-2026,Central,ST-019,Nagpur Retail Hub,Nagpur,Outlet,Beauty,1626,553,1659,47381.04,8054.78,35061.97,43590.56,644,2,4264.29,3.5,6542
30-03-2026,Central,ST-019,Nagpur Retail Hub,Nagpur,Outlet,Sports,2087,438,876,49625.4,6947.56,39204.06,57069.21,147,7,3473.78,3.5,6841
30-03-2026,Central,ST-020,Raipur Retail Hub,Raipur,Mall,Grocery,2267,929,1394,23837.4,3337.24,19546.66,25982.77,591,3,953.5,3.8,5593
30-03-2026,Central,ST-020,Raipur Retail Hub,Raipur,Mall,Apparel,2275,455,1365,55036.8,6054.05,47111.49,56137.54,844,4,1871.26,4.2,5892
30-03-2026,Central,ST-020,Raipur Retail Hub,Raipur,Mall,Electronics,704,148,296,60295.2,4823.62,48145.71,57280.44,191,5,7325.87,4.6,6191
30-03-2026,Central,ST-020,Raipur Retail Hub,Raipur,Mall,Home,1546,464,464,29556.8,1477.84,26009.98,26009.98,600,6,2068.98,5.0,6490
30-03-2026,Central,ST-020,Raipur Retail Hub,Raipur,Mall,Beauty,2007,702,1755,48648.6,9729.72,36486.45,53999.95,853,7,2432.43,3.1,6789
30-03-2026,Central,ST-020,Raipur Retail Hub,Raipur,Mall,Sports,2469,543,814,44770,7610.9,35816.0,46560.8,356,0,1343.1,3.9,7088
2026-06-04 00:00:00,North,ST-001,Delhi Retail Hub,Delhi,High Street,Grocery,2036,835,1670,30360.6,4250.48,24895.7,34914.69,777,7,1214.42,3.3,1381
2026-06-04 00:00:00,North,ST-001,Delhi Retail Hub,Delhi,High Street,Apparel,2020,404,404,17307.36,1903.81,14815.1,18691.95,280,0,588.45,4.1,1680
2026-06-04 00:00:00,North,ST-001,Delhi Retail Hub,Delhi,High Street,Electronics,657,138,345,74623.5,5969.88,59586.86,75369.74,293,1,9066.76,4.5,1979
2026-06-04 00:00:00,North,ST-001,Delhi Retail Hub,Delhi,High Street,Home,1402,421,632,42723.2,2136.16,37596.42,40159.81,786,2,2990.62,4.9,2278
2026-06-04 00:00:00,North,ST-001,Delhi Retail Hub,Delhi,High Street,Beauty,1793,628,1884,55389.6,11077.92,41542.2,64805.83,289,3,2769.48,3.4,2577
2026-06-04 00:00:00,North,ST-001,Delhi Retail Hub,Delhi,High Street,Sports,2184,480,960,55968,9514.56,44774.4,61564.8,542,4,1679.04,3.8,2876
2026-06-04 00:00:00,North,ST-002,Jaipur Retail Hub,Jaipur,Neighborhood,Grocery,2440,1025,1538,27130.32,4612.15,20076.44,28215.53,236,4,2441.73,3.7,1628
2026-06-04 00:00:00,North,ST-002,Jaipur Retail Hub,Jaipur,Neighborhood,Apparel,943,198,594,24698.52,3457.79,18301.6,23957.56,489,5,2939.13,4.1,1927
2026-06-04 00:00:00,North,ST-002,Jaipur Retail Hub,Jaipur,Neighborhood,Electronics,867,191,382,80220,8824.2,65980.95,72198.0,408,6,5414.85,4.5,2226
2026-06-04 00:00:00,North,ST-002,Jaipur Retail Hub,Jaipur,Neighborhood,Home,1725,535,535,35122.75,2809.82,31259.25,39688.71,245,7,1053.68,4.5,2525
2026-06-04 00:00:00,North,ST-002,Jaipur Retail Hub,Jaipur,Neighborhood,Beauty,2116,381,952,27189.12,1359.46,25557.77,28820.47,498,0,271.89,3.4,2824
2026-06-04 00:00:00,North,ST-002,Jaipur Retail Hub,Jaipur,Neighborhood,Sports,1107,255,382,21640.3,4328.06,15581.02,21423.9,751,1,1731.22,3.8,3123
2026-06-04 00:00:00,North,ST-003,Lucknow Retail Hub,Lucknow,Outlet,Grocery,2844,1223,1223,20913.3,4182.66,15684.98,19449.37,445,1,1045.66,3.7,1875
2026-06-04 00:00:00,North,ST-003,Lucknow Retail Hub,Lucknow,Outlet,Apparel,1266,279,698,28143.36,4784.37,21923.68,32646.3,698,2,1435.31,4.1,2174
2026-06-04 00:00:00,North,ST-003,Lucknow Retail Hub,Lucknow,Outlet,Electronics,1077,248,372,75776.4,10608.7,64144.72,82596.28,111,3,1022.98,4.5,2473
2026-06-04 00:00:00,North,ST-003,Lucknow Retail Hub,Lucknow,Outlet,Home,2048,655,1965,125170.5,13768.76,101388.1,127673.91,454,4,10013.64,4.9,2772
2026-06-04 00:00:00,North,ST-003,Lucknow Retail Hub,Lucknow,Outlet,Beauty,1039,197,394,10921.68,873.73,9392.65,10375.6,707,5,655.3,3.4,3071
2026-06-04 00:00:00,North,ST-003,Lucknow Retail Hub,Lucknow,Outlet,Sports,1430,343,343,18865,943.25,17167.15,16601.2,210,6,754.6,3.8,3370
2026-06-04 00:00:00,North,ST-004,Chandigarh Retail Hub,Chandigarh,Mall,Grocery,1498,389,1167,19325.52,966.28,18165.98,21644.58,654,6,193.26,3.7,2122
2026-06-04 00:00:00,North,ST-004,Chandigarh Retail Hub,Chandigarh,Mall,Apparel,1589,365,730,28513.8,5702.76,18933.17,29939.49,157,11,3877.87,3.7,2421
2026-06-04 00:00:00,North,ST-004,Chandigarh Retail Hub,Chandigarh,Mall,Electronics,1287,309,309,60996.6,10369.42,45686.45,59776.67,226,0,4940.73,4.5,2720
2026-06-04 00:00:00,North,ST-004,Chandigarh Retail Hub,Chandigarh,Mall,Home,971,320,800,49400,6916.0,40508.0,44954.0,663,1,1976.0,4.9,3019
2026-06-04 00:00:00,North,ST-004,Chandigarh Retail Hub,Chandigarh,Mall,Beauty,1362,272,408,10967.04,1206.37,9541.33,12502.43,166,6,219.34,3.4,3318
2026-06-04 00:00:00,North,ST-004,Chandigarh Retail Hub,Chandigarh,Mall,Sports,1753,438,1314,70101.9,5608.15,58184.58,75009.03,419,3,6309.17,3.8,3617
2026-06-04 00:00:00,South,ST-005,Bengaluru Retail Hub,Bengaluru,High Street,Grocery,1901,513,1282,25614.36,2049.15,22028.35,25870.5,863,3,1536.86,3.7,2369
2026-06-04 00:00:00,South,ST-005,Bengaluru Retail Hub,Bengaluru,High Street,Apparel,1912,459,688,32363.52,1618.18,28544.62,30421.71,366,4,2200.72,4.1,2668
2026-06-04 00:00:00,South,ST-005,Bengaluru Retail Hub,Bengaluru,High Street,Electronics,587,147,441,104649.3,20929.86,80893.9,122439.68,340,5,2825.54,4.5,2967
2026-06-04 00:00:00,South,ST-005,Bengaluru Retail Hub,Bengaluru,High Street,Home,1294,440,880,52624,8946.08,38941.76,57886.4,122,10,4736.16,4.5,3266
2026-06-04 00:00:00,South,ST-005,Bengaluru Retail Hub,Bengaluru,High Street,Beauty,1685,354,354,9218.16,1290.54,7282.35,9494.7,375,7,645.27,3.0,3565
2026-06-04 00:00:00,South,ST-005,Bengaluru Retail Hub,Bengaluru,High Street,Sports,2076,540,1350,69795,7677.45,58627.8,67003.2,628,0,3489.75,3.8,3864
2026-06-04 00:00:00,South,ST-006,Chennai Retail Hub,Chennai,Neighborhood,Grocery,2305,645,1290,25077.6,2758.54,21817.51,22569.84,322,0,501.55,3.7,2616
2026-06-04 00:00:00,South,ST-006,Chennai Retail Hub,Chennai,Neighborhood,Apparel,2235,559,559,25591.02,2047.28,19628.32,28917.85,575,1,3915.42,4.1,2915
2026-06-04 00:00:00,South,ST-006,Chennai Retail Hub,Chennai,Neighborhood,Electronics,797,207,518,119658,5982.9,102367.42,126837.48,455,2,11307.68,4.5,3214
2026-06-04 00:00:00,South,ST-006,Chennai Retail Hub,Chennai,Neighborhood,Home,1617,566,849,61255.35,12251.07,45941.51,60642.8,331,3,3062.77,4.9,3513
2026-06-04 00:00:00,South,ST-006,Chennai Retail Hub,Chennai,Neighborhood,Beauty,2008,442,1326,41583.36,7069.17,33266.69,38256.69,584,4,1247.5,3.4,3812
2026-06-04 00:00:00,South,ST-006,Chennai Retail Hub,Chennai,Neighborhood,Sports,999,270,540,33561,4698.54,28526.85,38595.15,837,5,335.61,3.8,4111
2026-06-04 00:00:00,South,ST-007,Hyderabad Retail Hub,Hyderabad,Outlet,Grocery,2709,786,1179,22283.1,3119.63,17603.65,24288.58,531,5,1559.82,3.7,2863
2026-06-04 00:00:00,South,ST-007,Hyderabad Retail Hub,Hyderabad,Outlet,Apparel,1158,301,903,40201.56,4422.17,32362.25,41005.59,784,6,3417.14,4.1,3162
2026-06-04 00:00:00,South,ST-007,Hyderabad Retail Hub,Hyderabad,Outlet,Electronics,1007,272,544,122236.8,9778.94,107507.28,116124.96,158,11,4950.58,4.1,3461
2026-06-04 00:00:00,South,ST-007,Hyderabad Retail Hub,Hyderabad,Outlet,Home,1940,349,349,24499.8,1224.99,23029.81,21559.82,540,0,245.0,4.9,3760
2026-06-04 00:00:00,South,ST-007,Hyderabad Retail Hub,Hyderabad,Outlet,Beauty,931,214,535,16328.2,3265.64,11756.3,18124.3,793,1,1306.26,3.4,4059
2026-06-04 00:00:00,South,ST-007,Hyderabad Retail Hub,Hyderabad,Outlet,Sports,1322,370,555,33577.5,5708.18,25854.67,34920.6,296,2,2014.65,3.8,4358
2026-06-04 00:00:00,South,ST-008,Kochi Retail Hub,Kochi,Mall,Grocery,1362,409,409,7509.24,1276.57,6007.39,7359.06,740,2,225.28,3.7,3110
2026-06-04 00:00:00,South,ST-008,Kochi Retail Hub,Kochi,Mall,Apparel,1481,400,1000,43260,6056.4,36468.18,39366.6,243,3,735.42,4.1,3409
2026-06-04 00:00:00,South,ST-008,Kochi Retail Hub,Kochi,Mall,Electronics,1217,341,512,111820.8,12300.29,87443.87,127475.71,273,4,12076.64,4.5,3708
2026-06-04 00:00:00,South,ST-008,Kochi Retail Hub,Kochi,Mall,Home,2263,430,1290,88042.5,7043.4,75716.55,94205.48,749,5,5282.55,4.9,4007
2026-06-04 00:00:00,South,ST-008,Kochi Retail Hub,Kochi,Mall,Beauty,1254,301,602,17867.36,893.37,16259.3,17867.36,252,6,714.69,3.4,4306
2026-06-04 00:00:00,South,ST-008,Kochi Retail Hub,Kochi,Mall,Sports,1645,477,477,28071.45,5614.29,21895.73,26106.45,505,7,561.43,3.4,4605
2026-06-04 00:00:00,East,ST-009,Kolkata Retail Hub,Kolkata,High Street,Grocery,1766,547,1641,29242.62,5848.52,21054.69,34213.87,199,7,2339.41,3.3,3357
2026-06-04 00:00:00,East,ST-009,Kolkata Retail Hub,Kolkata,High Street,Apparel,1804,505,1010,42420,7211.4,30881.76,46662.0,452,0,4326.84,4.1,3656
2026-06-04 00:00:00,East,ST-009,Kolkata Retail Hub,Kolkata,High Street,Electronics,1427,414,414,87809.4,12293.32,70774.37,90443.68,388,1,4741.71,4.5,3955
2026-06-04 00:00:00,East,ST-009,Kolkata Retail Hub,Kolkata,High Street,Home,1186,237,592,39249.6,4317.46,34147.15,37679.62,208,2,784.99,4.9,4254
2026-06-04 00:00:00,East,ST-009,Kolkata Retail Hub,Kolkata,High Street,Beauty,1577,394,591,17044.44,1363.56,14146.88,15169.55,461,3,1534.0,3.4,4553
2026-06-04 00:00:00,East,ST-009,Kolkata Retail Hub,Kolkata,High Street,Sports,1968,590,1770,101244,5062.2,89094.72,113393.28,714,4,7087.08,3.8,4852
2026-06-04 00:00:00,East,ST-010,Bhubaneswar Retail Hub,Bhubaneswar,Neighborhood,Grocery,2170,694,1735,29980.8,1499.04,27282.53,31779.65,408,4,1199.23,3.7,3604
2026-06-04 00:00:00,East,ST-010,Bhubaneswar Retail Hub,Bhubaneswar,Neighborhood,Apparel,2127,617,926,37725.24,7545.05,28897.54,37347.99,661,5,1282.65,4.1,3903
2026-06-04 00:00:00,East,ST-010,Bhubaneswar Retail Hub,Bhubaneswar,Neighborhood,Electronics,727,218,654,134593.2,22880.84,95359.28,123825.74,90,6,16353.08,4.5,4202
2026-06-04 00:00:00,East,ST-010,Bhubaneswar Retail Hub,Bhubaneswar,Neighborhood,Home,1509,317,634,40797.9,5711.71,32230.34,46917.58,417,7,2855.85,4.5,4501
2026-06-04 00:00:00,East,ST-010,Bhubaneswar Retail Hub,Bhubaneswar,Neighborhood,Beauty,1900,494,494,13832,1521.52,11618.88,14938.56,670,0,691.6,3.4,4800
2026-06-04 00:00:00,East,ST-010,Bhubaneswar Retail Hub,Bhubaneswar,Neighborhood,Sports,2291,710,1775,98601.25,7888.1,87755.11,99587.26,173,5,2958.04,3.8,5099
2026-06-04 00:00:00,East,ST-011,Guwahati Retail Hub,Guwahati,Outlet,Grocery,2574,849,1698,28424.52,2273.96,23592.35,27003.29,617,1,2558.21,3.7,3851
2026-06-04 00:00:00,East,ST-011,Guwahati Retail Hub,Guwahati,Outlet,Apparel,1050,315,315,12436.2,621.81,10334.49,10943.86,120,6,1479.9,4.1,4150
2026-06-04 00:00:00,East,ST-011,Guwahati Retail Hub,Guwahati,Outlet,Electronics,937,290,725,144637.5,28927.5,105946.96,160547.62,205,3,9763.04,4.5,4449
2026-06-04 00:00:00,East,ST-011,Guwahati Retail Hub,Guwahati,Outlet,Home,1832,403,604,37689.6,6407.23,30151.68,39197.18,626,4,1130.69,4.9,4748
2026-06-04 00:00:00,East,ST-011,Guwahati Retail Hub,Guwahati,Outlet,Beauty,2223,600,1800,48888,6844.32,41554.8,47421.36,129,9,488.88,3.0,5047
2026-06-04 00:00:00,East,ST-011,Guwahati Retail Hub,Guwahati,Outlet,Sports,1214,388,776,41826.4,4600.9,33879.39,37643.76,382,6,3346.11,3.8,5346
2026-06-04 00:00:00,East,ST-012,Patna Retail Hub,Patna,Mall,Grocery,1228,418,627,12640.32,1390.44,10617.86,14409.96,826,6,632.02,3.7,4098
2026-06-04 00:00:00,East,ST-012,Patna Retail Hub,Patna,Mall,Apparel,1373,426,1278,60653.88,4852.31,52708.22,64899.65,329,7,3093.35,3.7,4397
2026-06-04 00:00:00,East,ST-012,Patna Retail Hub,Patna,Mall,Electronics,1147,161,322,62210.4,3110.52,58260.04,62210.4,320,0,839.84,4.5,4696
2026-06-04 00:00:00,East,ST-012,Patna Retail Hub,Patna,Mall,Home,2155,496,496,29983.2,5996.64,21587.9,27884.38,835,1,2398.66,4.9,4995
2026-06-04 00:00:00,East,ST-012,Patna Retail Hub,Patna,Mall,Beauty,1146,321,802,21108.64,3588.47,16253.65,24486.02,338,2,1266.52,3.4,5294
2026-06-04 00:00:00,East,ST-012,Patna Retail Hub,Patna,Mall,Sports,1537,507,760,39710,5559.4,32562.2,43283.9,591,3,1588.4,3.8,5593
2026-06-04 00:00:00,West,ST-013,Mumbai Retail Hub,Mumbai,High Street,Grocery,1631,571,571,11203.02,1568.42,9522.57,11539.11,285,3,112.03,3.7,4345
2026-06-04 00:00:00,West,ST-013,Mumbai Retail Hub,Mumbai,High Street,Apparel,1696,543,1358,62739.6,6901.36,47305.65,60230.02,538,4,8532.59,4.1,4644
2026-06-04 00:00:00,West,ST-013,Mumbai Retail Hub,Mumbai,High Street,Electronics,1357,204,306,71328.6,5706.29,59844.69,63482.45,435,5,5777.62,4.5,4943
2026-06-04 00:00:00,West,ST-013,Mumbai Retail Hub,Mumbai,High Street,Home,1078,259,777,56565.6,2828.28,51474.7,63353.47,294,6,2262.62,4.9,5242
2026-06-04 00:00:00,West,ST-013,Mumbai Retail Hub,Mumbai,High Street,Beauty,1469,426,852,26957.28,5391.46,21026.67,28305.14,547,7,539.15,3.0,5541
2026-06-04 00:00:00,West,ST-013,Mumbai Retail Hub,Mumbai,High Street,Sports,1860,632,632,31979.2,5436.46,23664.61,31339.62,800,0,2878.13,3.8,5840
2026-06-04 00:00:00,West,ST-014,Pune Retail Hub,Pune,Neighborhood,Grocery,2035,733,2199,41956.92,7132.68,32306.82,38600.37,494,0,2517.42,3.7,4592
2026-06-04 00:00:00,West,ST-014,Pune Retail Hub,Pune,Neighborhood,Apparel,2019,666,1332,59860.08,8380.41,47409.19,68839.09,747,1,4070.48,4.1,4891
2026-06-04 00:00:00,West,ST-014,Pune Retail Hub,Pune,Neighborhood,Electronics,656,105,105,23814,2619.54,20551.48,25719.12,138,2,642.98,4.5,5190
2026-06-04 00:00:00,West,ST-014,Pune Retail Hub,Pune,Neighborhood,Home,1401,350,875,61993.75,4959.5,51454.81,62613.69,503,3,5579.44,4.9,5489
2026-06-04 00:00:00,West,ST-014,Pune Retail Hub,Pune,Neighborhood,Beauty,1792,538,807,24855.6,1242.78,21872.93,23364.26,756,4,1739.89,3.4,5788
2026-06-04 00:00:00,West,ST-014,Pune Retail Hub,Pune,Neighborhood,Sports,2183,764,2292,139926.6,27985.32,104944.95,163714.12,259,5,6996.33,3.8,6087
2026-06-04 00:00:00,West,ST-015,Ahmedabad Retail Hub,Ahmedabad,Outlet,Grocery,2439,902,2255,41807.7,8361.54,32610.01,46406.55,703,5,836.15,3.7,4839
2026-06-04 00:00:00,West,ST-015,Ahmedabad Retail Hub,Ahmedabad,Outlet,Apparel,942,320,480,20966.4,3564.29,14194.24,21805.06,206,6,3207.87,4.1,5138
2026-06-04 00:00:00,West,ST-015,Ahmedabad Retail Hub,Ahmedabad,Outlet,Electronics,866,147,441,97240.5,13613.67,74437.6,94323.28,252,7,9189.23,4.1,5437
2026-06-04 00:00:00,West,ST-015,Ahmedabad Retail Hub,Ahmedabad,Outlet,Home,1724,448,896,61734.4,6790.78,51856.9,55560.96,712,0,3086.72,4.9,5736
2026-06-04 00:00:00,West,ST-015,Ahmedabad Retail Hub,Ahmedabad,Outlet,Beauty,2115,656,656,19653.76,1572.3,17491.85,22208.75,215,1,589.61,3.4,6035
2026-06-04 00:00:00,West,ST-015,Ahmedabad Retail Hub,Ahmedabad,Outlet,Sports,1106,199,498,29581.2,1479.06,27806.33,31356.07,468,2,295.81,3.8,6334
2026-06-04 00:00:00,West,ST-016,Surat Retail Hub,Surat,Mall,Grocery,2842,1080,2160,38880,1944.0,34214.4,38880.0,162,6,2721.6,3.7,5086
2026-06-04 00:00:00,West,ST-016,Surat Retail Hub,Surat,Mall,Apparel,1265,443,443,18792.06,3758.41,13436.33,17476.62,415,3,1597.32,4.1,5385
2026-06-04 00:00:00,West,ST-016,Surat Retail Hub,Surat,Mall,Electronics,1076,194,485,103887,17660.79,82018.79,120508.92,367,4,4207.42,4.5,5684
2026-06-04 00:00:00,West,ST-016,Surat Retail Hub,Surat,Mall,Home,2047,553,830,55568.5,7779.59,47233.22,60569.66,171,9,555.69,4.5,5983
2026-06-04 00:00:00,West,ST-016,Surat Retail Hub,Surat,Mall,Beauty,1038,332,996,29003.52,3190.39,23492.85,29583.59,424,6,2320.28,3.4,6282
2026-06-04 00:00:00,West,ST-016,Surat Retail Hub,Surat,Mall,Sports,1429,272,544,31416,2513.28,27017.76,29845.2,677,7,1884.96,3.4,6581
2026-06-04 00:00:00,Central,ST-017,Bhopal Retail Hub,Bhopal,High Street,Grocery,1496,583,874,15260.04,1220.8,13581.44,13581.44,371,7,457.8,3.3,5333
2026-06-04 00:00:00,Central,ST-017,Bhopal Retail Hub,Bhopal,High Street,Apparel,1588,286,858,35315.28,1765.76,32949.17,39553.11,624,0,600.35,4.1,5632
2026-06-04 00:00:00,Central,ST-017,Bhopal Retail Hub,Bhopal,High Street,Electronics,1286,244,488,101455.2,20291.04,70206.99,106527.96,70,1,10957.17,4.5,5931
2026-06-04 00:00:00,Central,ST-017,Bhopal Retail Hub,Bhopal,High Street,Home,970,272,272,17680,3005.6,13613.6,17326.4,380,2,1060.8,4.9,6230
2026-06-04 00:00:00,Central,ST-017,Bhopal Retail Hub,Bhopal,High Street,Beauty,1361,449,1122,31730.16,4442.22,26018.73,28874.45,633,3,1269.21,3.4,6529
2026-06-04 00:00:00,Central,ST-017,Bhopal Retail Hub,Bhopal,High Street,Sports,1752,350,525,29452.5,3239.78,25623.67,33575.85,136,8,589.05,3.4,6828
2026-06-04 00:00:00,Central,ST-018,Indore Retail Hub,Indore,Neighborhood,Grocery,1900,760,760,12859.2,1414.51,10415.95,13887.94,580,4,1028.74,3.7,5580
2026-06-04 00:00:00,Central,ST-018,Indore Retail Hub,Indore,Neighborhood,Apparel,1911,363,908,36229.2,2898.34,29635.48,36591.49,833,5,3695.38,4.1,5879
2026-06-04 00:00:00,Central,ST-018,Indore Retail Hub,Indore,Neighborhood,Electronics,586,117,176,35481.6,1774.08,31791.52,33352.7,185,6,1916.0,4.5,6178
2026-06-04 00:00:00,Central,ST-018,Indore Retail Hub,Indore,Neighborhood,Home,1293,375,1125,70931.25,14186.25,55326.38,82989.56,589,7,1418.62,4.5,6477
2026-06-04 00:00:00,Central,ST-018,Indore Retail Hub,Indore,Neighborhood,Beauty,1684,573,1146,31446.24,5345.86,23270.22,34590.86,842,0,2830.16,3.4,6776
2026-06-04 00:00:00,Central,ST-018,Indore Retail Hub,Indore,Neighborhood,Sports,2075,436,436,23740.2,3323.63,18754.76,24452.41,345,1,1661.81,3.8,7075
2026-06-04 00:00:00,Central,ST-019,Nagpur Retail Hub,Nagpur,Outlet,Grocery,2304,945,2835,57663.9,8072.95,47284.39,55933.98,789,1,2306.56,3.7,5827
2026-06-04 00:00:00,Central,ST-019,Nagpur Retail Hub,Nagpur,Outlet,Apparel,2234,447,894,34544.16,3799.86,29569.8,31089.74,292,2,1174.5,4.1,6126
2026-06-04 00:00:00,Central,ST-019,Nagpur Retail Hub,Nagpur,Outlet,Electronics,796,167,167,32615.1,2609.21,26043.15,36855.06,300,3,3962.74,4.5,6425
2026-06-04 00:00:00,Central,ST-019,Nagpur Retail Hub,Nagpur,Outlet,Home,1616,485,1212,74053.2,3702.66,65166.82,78496.39,798,4,5183.72,4.9,6724
2026-06-04 00:00:00,Central,ST-019,Nagpur Retail Hub,Nagpur,Outlet,Beauty,2007,702,1053,28009.8,5601.96,21007.35,27729.7,301,5,1400.49,3.4,7023
2026-06-04 00:00:00,Central,ST-019,Nagpur Retail Hub,Nagpur,Outlet,Sports,998,220,660,34848,5924.16,27878.4,32060.16,554,6,1045.44,3.8,7322
2026-06-04 00:00:00,Central,ST-020,Raipur Retail Hub,Raipur,Mall,Grocery,2708,1137,2842,56271.6,9566.17,41640.99,65275.06,248,6,5064.44,3.7,6074
2026-06-04 00:00:00,Central,ST-020,Raipur Retail Hub,Raipur,Mall,Apparel,1157,243,364,16969.68,2375.76,12574.52,18496.95,501,7,2019.4,3.7,6373
2026-06-04 00:00:00,Central,ST-020,Raipur Retail Hub,Raipur,Mall,Electronics,1006,221,663,155937.6,17153.14,128258.67,159056.35,415,0,10525.79,4.5,6672
2026-06-04 00:00:00,Central,ST-020,Raipur Retail Hub,Raipur,Mall,Home,1939,601,1202,88286.9,7062.95,78575.34,83872.55,257,1,2648.61,4.9,6971
2026-06-04 00:00:00,Central,ST-020,Raipur Retail Hub,Raipur,Mall,Beauty,930,167,167,4301.92,215.1,4043.8,3785.69,510,2,43.02,3.4,7270
2026-06-04 00:00:00,Central,ST-020,Raipur Retail Hub,Raipur,Mall,Sports,1321,304,760,38874,7774.8,27989.28,43150.14,763,3,3109.92,3.8,1069
13-04-2026,North,ST-001,Delhi Retail Hub,Delhi,High Street,Grocery,2822,1185,3555,60150.6,10225.6,44511.45,55338.55,434,2,5413.55,3.6,1862
13-04-2026,North,ST-001,Delhi Retail Hub,Delhi,High Street,Apparel,1249,262,524,20907.6,2927.06,15492.54,24043.74,687,3,2488.0,4.0,2161
13-04-2026,North,ST-001,Delhi Retail Hub,Delhi,High Street,Electronics,1066,235,235,47376,5211.36,38966.76,51166.08,105,4,3197.88,4.4,2460
13-04-2026,North,ST-001,Delhi Retail Hub,Delhi,High Street,Home,2031,630,1575,99303.75,7944.3,88380.34,100296.79,443,5,2979.11,4.8,2759
13-04-2026,North,ST-001,Delhi Retail Hub,Delhi,High Street,Beauty,1022,184,276,7573.44,378.67,7119.04,7119.03,696,6,75.73,3.3,3058
13-04-2026,North,ST-001,Delhi Retail Hub,Delhi,High Street,Sports,1413,325,975,53088.75,10617.75,38223.9,62113.84,199,7,4247.1,3.3,3357
13-04-2026,North,ST-002,Jaipur Retail Hub,Jaipur,Neighborhood,Grocery,1476,635,1588,32299.92,6459.98,24224.94,35852.91,643,7,1615.0,3.2,2109
13-04-2026,North,ST-002,Jaipur Retail Hub,Jaipur,Neighborhood,Apparel,1572,346,519,20054.16,3409.21,15622.2,20856.33,146,4,1022.75,4.0,2408
13-04-2026,North,ST-002,Jaipur Retail Hub,Jaipur,Neighborhood,Electronics,1276,293,879,171668.7,24033.62,145317.55,166518.64,219,1,2317.53,4.4,2707
13-04-2026,North,ST-002,Jaipur Retail Hub,Jaipur,Neighborhood,Home,954,305,610,37271,4099.81,30189.51,33543.9,652,2,2981.68,4.8,3006
13-04-2026,North,ST-002,Jaipur Retail Hub,Jaipur,Neighborhood,Beauty,1345,256,256,6809.6,544.77,5856.25,7694.85,155,7,408.58,2.9,3305
13-04-2026,North,ST-002,Jaipur Retail Hub,Jaipur,Neighborhood,Sports,1736,417,1042,55017.6,2750.88,50066.02,58318.66,408,4,2200.7,3.7,3604
13-04-2026,North,ST-003,Lucknow Retail Hub,Lucknow,Outlet,Grocery,1880,489,978,19364.4,968.22,18202.54,19364.4,852,4,193.64,3.6,2356
13-04-2026,North,ST-003,Lucknow Retail Hub,Lucknow,Outlet,Apparel,1895,436,436,20326.32,4065.26,13496.67,18903.48,355,5,2764.39,4.0,2655
13-04-2026,North,ST-003,Lucknow Retail Hub,Lucknow,Outlet,Electronics,1486,357,892,209798.4,35665.73,157139.01,243366.14,334,6,16993.66,4.4,2954
13-04-2026,North,ST-003,Lucknow Retail Hub,Lucknow,Outlet,Home,1277,421,632,46420.4,6498.86,38064.72,50598.24,861,7,1856.82,4.4,3253
13-04-2026,North,ST-003,Lucknow Retail Hub,Lucknow,Outlet,Beauty,1668,334,1002,25811.52,2839.27,22456.02,26327.75,364,0,516.23,3.3,3552
13-04-2026,North,ST-003,Lucknow Retail Hub,Lucknow,Outlet,Sports,2059,515,1030,52684.5,4214.76,43728.14,50050.27,617,1,4741.6,3.7,3851
13-04-2026,North,ST-004,Chandigarh Retail Hub,Chandigarh,Mall,Grocery,2284,617,926,17834.76,1426.78,15337.89,15872.94,311,1,1070.09,3.6,2603
13-04-2026,North,ST-004,Chandigarh Retail Hub,Chandigarh,Mall,Apparel,2218,532,1596,72394.56,3619.73,63852.0,81081.91,564,2,4922.83,4.0,2902
13-04-2026,North,ST-004,Chandigarh Retail Hub,Chandigarh,Mall,Electronics,786,196,392,89728.8,17945.76,69360.36,94215.24,449,3,2422.68,4.4,3201
13-04-2026,North,ST-004,Chandigarh Retail Hub,Chandigarh,Mall,Home,1600,544,544,38896,6612.32,28783.04,38118.08,320,4,3500.64,4.8,3500
13-04-2026,North,ST-004,Chandigarh Retail Hub,Chandigarh,Mall,Beauty,1991,418,1045,32478.6,4547.0,25658.1,29555.53,573,5,2273.5,3.3,3799
13-04-2026,North,ST-004,Chandigarh Retail Hub,Chandigarh,Mall,Sports,982,255,382,23531.2,2588.43,19766.21,26825.57,826,6,1176.56,3.7,4098
13-04-2026,South,ST-005,Bengaluru Retail Hub,Bengaluru,High Street,Grocery,2688,753,753,14096.16,1550.58,12263.66,15223.85,520,6,281.92,3.6,2850
13-04-2026,South,ST-005,Bengaluru Retail Hub,Bengaluru,High Street,Apparel,1141,285,712,31399.2,2511.94,24083.18,31713.19,773,7,4804.08,3.6,3149
13-04-2026,South,ST-005,Bengaluru Retail Hub,Bengaluru,High Street,Electronics,996,259,388,86368.8,4318.44,73888.5,81186.67,152,4,8161.86,4.4,3448
13-04-2026,South,ST-005,Bengaluru Retail Hub,Bengaluru,High Street,Home,1923,673,2019,140421.45,28084.29,105316.09,164293.1,529,1,7021.07,4.8,3747
13-04-2026,South,ST-005,Bengaluru Retail Hub,Bengaluru,High Street,Beauty,914,201,402,12156.48,2066.6,9725.19,13372.13,782,2,364.69,3.3,4046
13-04-2026,South,ST-005,Bengaluru Retail Hub,Bengaluru,High Street,Sports,1305,352,352,21102.4,2954.34,17937.04,21735.47,285,3,211.02,3.7,4345
13-04-2026,South,ST-006,Chennai Retail Hub,Chennai,Neighborhood,Grocery,1341,389,1167,21216.06,2970.25,16760.69,20579.58,729,3,1485.12,3.6,3097
13-04-2026,South,ST-006,Chennai Retail Hub,Chennai,Neighborhood,Apparel,1464,381,762,32644.08,3590.85,26278.49,29379.67,232,4,2774.74,4.0,3396
13-04-2026,South,ST-006,Chennai Retail Hub,Chennai,Neighborhood,Electronics,1206,326,326,70513.8,5641.1,62016.9,79680.59,267,5,2855.8,4.4,3695
13-04-2026,South,ST-006,Chennai Retail Hub,Chennai,Neighborhood,Home,2246,404,1010,68276,3413.8,64179.44,72372.56,738,6,682.76,4.8,3994
13-04-2026,South,ST-006,Chennai Retail Hub,Chennai,Neighborhood,Beauty,1237,285,428,12583.2,2516.64,9059.9,12457.37,241,7,1006.66,2.9,4293
13-04-2026,South,ST-006,Chennai Retail Hub,Chennai,Neighborhood,Sports,1628,456,1368,79754.4,13558.25,61410.89,73374.05,494,0,4785.26,3.7,4592
13-04-2026,South,ST-007,Hyderabad Retail Hub,Hyderabad,Outlet,Grocery,1745,524,1310,23108.4,3928.43,18486.72,26805.74,188,0,693.25,3.6,3344
13-04-2026,South,ST-007,Hyderabad Retail Hub,Hyderabad,Outlet,Apparel,1787,482,723,30062.34,4208.73,25342.56,32767.95,441,1,511.05,4.0,3643
13-04-2026,South,ST-007,Hyderabad Retail Hub,Hyderabad,Outlet,Electronics,1416,396,1188,249480,27442.8,195093.36,254469.6,382,2,26943.84,4.4,3942
13-04-2026,South,ST-007,Hyderabad Retail Hub,Hyderabad,Outlet,Home,1169,222,444,29148.6,2331.89,25067.79,27691.17,197,3,1748.92,4.8,4241
13-04-2026,South,ST-007,Hyderabad Retail Hub,Hyderabad,Outlet,Beauty,1560,374,374,10681.44,534.07,9720.11,9399.67,450,4,427.26,3.3,4540
13-04-2026,South,ST-007,Hyderabad Retail Hub,Hyderabad,Outlet,Sports,1951,566,1415,80159.75,16031.95,62524.6,88977.32,703,5,1603.2,3.7,4839
13-04-2026,South,ST-008,Kochi Retail Hub,Kochi,Mall,Grocery,2149,666,1332,22777.2,4555.44,16399.58,23916.06,397,5,1822.18,3.6,3591
13-04-2026,South,ST-008,Kochi Retail Hub,Kochi,Mall,Apparel,2110,591,591,23829.12,4050.95,17347.6,23352.54,650,6,2430.57,4.0,3890
13-04-2026,South,ST-008,Kochi Retail Hub,Kochi,Mall,Electronics,716,208,520,105924,14829.36,85374.74,96390.84,84,7,5719.9,4.0,4189
13-04-2026,South,ST-008,Kochi Retail Hub,Kochi,Mall,Home,1492,298,447,28473.9,3132.13,24772.29,32460.25,406,0,569.48,4.8,4488
13-04-2026,South,ST-008,Kochi Retail Hub,Kochi,Mall,Beauty,1883,471,1413,39168.36,3133.47,32509.74,41910.15,659,1,3525.15,3.3,4787
13-04-2026,South,ST-008,Kochi Retail Hub,Kochi,Mall,Sports,2274,682,1364,75020,3751.0,66017.6,75020.0,162,6,5251.4,3.7,5086
13-04-2026,East,ST-009,Kolkata Retail Hub,Kolkata,High Street,Grocery,2552,817,1226,20302.56,1015.13,18475.33,19084.41,606,2,812.1,3.6,3838
13-04-2026,East,ST-009,Kolkata Retail Hub,Kolkata,High Street,Apparel,1033,300,900,35154,7030.8,26927.96,41130.18,859,3,1195.24,4.0,4137
13-04-2026,East,ST-009,Kolkata Retail Hub,Kolkata,High Street,Electronics,926,278,556,109754.4,18658.25,77760.99,120729.84,199,4,13335.16,4.4,4436
13-04-2026,East,ST-009,Kolkata Retail Hub,Kolkata,High Street,Home,1815,381,381,23526.75,3293.75,18586.13,24232.55,615,5,1646.87,4.8,4735
13-04-2026,East,ST-009,Kolkata Retail Hub,Kolkata,High Street,Beauty,2206,574,1435,38572.8,4243.01,32401.15,37029.89,868,6,1928.64,3.3,5034
13-04-2026,East,ST-009,Kolkata Retail Hub,Kolkata,High Street,Sports,1197,371,556,29662.6,2373.01,26399.71,26399.71,371,7,889.88,3.3,5333
13-04-2026,East,ST-010,Bhubaneswar Retail Hub,Bhubaneswar,Neighborhood,Grocery,1206,398,398,7952.04,636.16,6600.2,8985.81,815,7,715.68,3.2,4085
13-04-2026,East,ST-010,Bhubaneswar Retail Hub,Bhubaneswar,Neighborhood,Apparel,1356,407,1018,47886.72,2394.34,39793.86,50759.92,318,0,5698.52,4.0,4384
13-04-2026,East,ST-010,Bhubaneswar Retail Hub,Bhubaneswar,Neighborhood,Electronics,1136,352,528,125294.4,25058.88,91778.15,124041.46,314,1,8457.37,4.4,4683
13-04-2026,East,ST-010,Bhubaneswar Retail Hub,Bhubaneswar,Neighborhood,Home,2138,470,1410,84318,14334.06,67454.4,77572.56,824,2,2529.54,4.8,4982
13-04-2026,East,ST-010,Bhubaneswar Retail Hub,Bhubaneswar,Neighborhood,Beauty,1129,305,610,15884.4,2223.82,13501.74,18267.06,327,3,158.84,3.3,5281
13-04-2026,East,ST-010,Bhubaneswar Retail Hub,Bhubaneswar,Neighborhood,Sports,1520,486,486,25126.2,2763.88,20352.22,27136.3,580,4,2010.1,3.7,5580
13-04-2026,East,ST-011,Guwahati Retail Hub,Guwahati,Outlet,Grocery,1610,547,1641,31901.04,3509.11,26796.88,32539.06,274,4,1595.05,3.6,4332
13-04-2026,East,ST-011,Guwahati Retail Hub,Guwahati,Outlet,Apparel,1679,520,1040,47611.2,3808.9,41374.12,45230.64,527,5,2428.18,4.0,4631
13-04-2026,East,ST-011,Guwahati Retail Hub,Guwahati,Outlet,Electronics,1346,188,188,43428,2171.4,40670.32,38216.64,429,6,586.28,4.4,4930
13-04-2026,East,ST-011,Guwahati Retail Hub,Guwahati,Outlet,Home,1061,244,610,44011.5,8802.3,31688.28,48852.77,283,7,3520.92,4.4,5229
13-04-2026,East,ST-011,Guwahati Retail Hub,Guwahati,Outlet,Beauty,1452,407,610,19129.6,3252.03,14729.79,19894.78,536,0,1147.78,3.3,5528
13-04-2026,East,ST-011,Guwahati Retail Hub,Guwahati,Outlet,Sports,1843,608,1824,113361.6,15870.62,92956.52,109960.75,789,1,4534.46,3.7,5827
13-04-2026,East,ST-012,Patna Retail Hub,Patna,Mall,Grocery,2014,705,1762,33301.8,4662.25,28306.53,30304.64,483,1,333.02,3.6,4579
13-04-2026,East,ST-012,Patna Retail Hub,Patna,Mall,Apparel,2002,641,962,42828.24,4711.11,32292.49,48824.19,736,2,5824.64,4.0,4878
13-04-2026,East,ST-012,Patna Retail Hub,Patna,Mall,Electronics,645,97,291,65387.7,5231.02,54860.28,69964.84,131,3,5296.4,4.4,5177
13-04-2026,East,ST-012,Patna Retail Hub,Patna,Mall,Home,1384,332,664,46612.8,2330.64,42417.65,46612.8,492,4,1864.51,4.8,5476
13-04-2026,East,ST-012,Patna Retail Hub,Patna,Mall,Beauty,1775,515,515,15717.8,3143.56,12259.88,14617.55,745,5,314.36,3.3,5775
13-04-2026,East,ST-012,Patna Retail Hub,Patna,Mall,Sports,2166,736,1840,111320,18924.4,82376.8,129131.2,248,6,10018.8,3.7,6074
13-04-2026,West,ST-013,Mumbai Retail Hub,Mumbai,High Street,Grocery,2418,870,1740,31946.4,5430.89,24598.73,35141.04,692,6,1916.78,3.6,4826
13-04-2026,West,ST-013,Mumbai Retail Hub,Mumbai,High Street,Apparel,925,305,305,13194.3,1847.2,10449.89,13590.13,195,7,897.21,3.6,5125
13-04-2026,West,ST-013,Mumbai Retail Hub,Mumbai,High Street,Electronics,855,137,342,74692.8,8216.21,64459.88,71705.09,246,0,2016.71,4.4,5424
13-04-2026,West,ST-013,Mumbai Retail Hub,Mumbai,High Street,Home,1707,427,640,43680,3494.4,36254.4,38875.2,701,1,3931.2,4.8,5723
13-04-2026,West,ST-013,Mumbai Retail Hub,Mumbai,High Street,Beauty,2098,629,1887,56006.16,2800.31,49285.42,62726.9,204,2,3920.43,3.3,6022
13-04-2026,West,ST-013,Mumbai Retail Hub,Mumbai,High Street,Sports,1089,381,762,44843.7,8968.74,33632.78,47085.88,457,3,2242.18,3.7,6321
13-04-2026,West,ST-014,Pune Retail Hub,Pune,Neighborhood,Grocery,2821,1044,1566,27906.12,5581.22,21766.78,27627.06,151,7,558.12,3.2,5073
13-04-2026,West,ST-014,Pune Retail Hub,Pune,Neighborhood,Apparel,1248,424,1272,53424,9082.08,36168.05,49150.08,404,4,8173.87,4.0,5372
13-04-2026,West,ST-014,Pune Retail Hub,Pune,Neighborhood,Electronics,1065,181,362,76780.2,10749.23,58775.25,88297.23,361,5,7255.72,4.4,5671
13-04-2026,West,ST-014,Pune Retail Hub,Pune,Neighborhood,Home,2030,528,528,35006.4,3850.7,29405.38,37806.91,160,10,1750.32,4.4,5970
13-04-2026,West,ST-014,Pune Retail Hub,Pune,Neighborhood,Beauty,1021,317,792,22841.28,1827.3,20328.74,23069.69,413,7,685.24,2.9,6269
13-04-2026,West,ST-014,Pune Retail Hub,Pune,Neighborhood,Sports,1412,254,381,21793.2,1089.66,20485.61,20485.61,666,0,217.93,3.7,6568
13-04-2026,West,ST-015,Ahmedabad Retail Hub,Ahmedabad,Outlet,Grocery,1475,560,560,9676.8,483.84,8515.58,8515.58,360,0,677.38,3.6,5320
13-04-2026,West,ST-015,Ahmedabad Retail Hub,Ahmedabad,Outlet,Apparel,1571,550,1375,56017.5,11203.5,40052.5,62179.42,613,1,4761.5,4.0,5619
13-04-2026,West,ST-015,Ahmedabad Retail Hub,Ahmedabad,Outlet,Electronics,1275,230,345,71001,12070.17,56055.29,73841.04,476,2,2875.54,4.4,5918
13-04-2026,West,ST-015,Ahmedabad Retail Hub,Ahmedabad,Outlet,Home,953,257,771,49613.85,6945.94,42171.77,48125.43,369,3,496.14,4.8,6217
13-04-2026,West,ST-015,Ahmedabad Retail Hub,Ahmedabad,Outlet,Beauty,1344,430,860,24080,2648.8,19504.8,21672.0,622,4,1926.4,3.3,6516
13-04-2026,West,ST-015,Ahmedabad Retail Hub,Ahmedabad,Outlet,Sports,1735,330,330,18331.5,1466.52,15765.09,20714.59,125,9,1099.89,3.3,6815
13-04-2026,West,ST-016,Surat Retail Hub,Surat,Mall,Grocery,1879,733,2199,36811.26,2944.9,32762.02,39388.05,569,5,1104.34,3.6,5567
13-04-2026,West,ST-016,Surat Retail Hub,Surat,Mall,Apparel,1894,341,682,26925.36,1346.27,25121.37,26925.36,822,6,457.72,4.0,5866
13-04-2026,West,ST-016,Surat Retail Hub,Surat,Mall,Electronics,1485,282,282,56259,11251.8,38931.23,52320.87,179,11,6075.97,4.0,6165
13-04-2026,West,ST-016,Surat Retail Hub,Surat,Mall,Home,1276,357,892,55660.8,9462.34,42858.81,64566.53,578,0,3339.65,4.8,6464
13-04-2026,West,ST-016,Surat Retail Hub,Surat,Mall,Beauty,1667,550,825,22407,3136.98,18373.74,24423.63,831,1,896.28,3.3,6763
13-04-2026,West,ST-016,Surat Retail Hub,Surat,Mall,Sports,2058,412,1236,66620.4,7328.24,57959.75,67952.81,334,2,1332.41,3.7,7062
13-04-2026,Central,ST-017,Bhopal Retail Hub,Bhopal,High Street,Grocery,2282,913,2282,46005.12,5060.56,37264.15,44164.92,778,2,3680.41,3.6,5814
13-04-2026,Central,ST-017,Bhopal Retail Hub,Bhopal,High Street,Apparel,2217,421,632,29994.72,2399.58,24535.68,26695.3,281,3,3059.46,4.0,6113
13-04-2026,Central,ST-017,Bhopal Retail Hub,Bhopal,High Street,Electronics,785,157,471,90997.2,4549.86,81533.49,101916.86,294,4,4913.85,4.4,6412
13-04-2026,Central,ST-017,Bhopal Retail Hub,Bhopal,High Street,Home,1599,464,928,56097.6,11219.52,43756.13,58902.48,787,5,1121.95,4.8,6711
13-04-2026,Central,ST-017,Bhopal Retail Hub,Bhopal,High Street,Beauty,1990,677,677,17818.64,3029.17,13185.79,17462.27,290,6,1603.68,3.3,7010
13-04-2026,Central,ST-017,Bhopal Retail Hub,Bhopal,High Street,Sports,981,206,515,26908.75,3767.23,21257.91,24486.96,543,7,1883.61,3.3,7309
13-04-2026,Central,ST-018,Indore Retail Hub,Indore,Neighborhood,Grocery,2686,1101,2202,43203.24,6048.45,35426.66,49683.73,237,7,1728.13,3.2,6061
13-04-2026,Central,ST-018,Indore Retail Hub,Indore,Neighborhood,Apparel,1140,228,228,10533.6,1158.7,9016.76,11376.29,490,0,358.14,4.0,6360
13-04-2026,Central,ST-018,Indore Retail Hub,Indore,Neighborhood,Electronics,995,209,522,121678.2,9734.26,97160.04,122894.98,409,1,14783.9,4.4,6659
13-04-2026,Central,ST-018,Indore Retail Hub,Indore,Neighborhood,Home,1922,577,866,63044.8,3152.24,55479.42,59262.11,246,2,4413.14,4.8,6958
13-04-2026,Central,ST-018,Indore Retail Hub,Indore,Neighborhood,Beauty,913,320,960,30374.4,6074.88,22780.8,35538.05,499,3,1518.72,3.3,7257
13-04-2026,Central,ST-018,Indore Retail Hub,Indore,Neighborhood,Sports,1304,287,574,29044.4,4937.55,23235.52,31948.84,752,4,871.33,3.7,1056
13-04-2026,Central,ST-019,Nagpur Retail Hub,Nagpur,Outlet,Grocery,1340,563,844,16103.52,2737.6,11916.6,16747.66,446,4,1449.32,3.6,6308
13-04-2026,Central,ST-019,Nagpur Retail Hub,Nagpur,Outlet,Apparel,1463,307,921,41389.74,5794.56,30669.8,40148.05,699,5,4925.38,4.0,6607
13-04-2026,Central,ST-019,Nagpur Retail Hub,Nagpur,Outlet,Electronics,1205,265,530,120204,13222.44,98867.79,108183.6,111,10,8113.77,4.0,6906
13-04-2026,Central,ST-019,Nagpur Retail Hub,Nagpur,Outlet,Home,2245,696,696,49311.6,3944.93,43887.32,55722.11,455,7,1479.35,4.4,7205
13-04-2026,Central,ST-019,Nagpur Retail Hub,Nagpur,Outlet,Beauty,1236,222,555,17094,854.7,16068.36,18119.64,708,0,170.94,3.3,1004
13-04-2026,Central,ST-019,Nagpur Retail Hub,Nagpur,Outlet,Sports,1627,374,561,34249.05,6849.81,24659.32,33906.56,211,1,2739.92,3.7,1303
13-04-2026,Central,ST-020,Raipur Retail Hub,Raipur,Mall,Grocery,1744,750,750,13905,2781.0,10428.75,12931.65,655,1,695.25,3.6,6555
13-04-2026,Central,ST-020,Raipur Retail Hub,Raipur,Mall,Apparel,1786,393,982,42893.76,7291.94,33414.24,49756.76,158,6,2187.58,4.0,6854
13-04-2026,Central,ST-020,Raipur Retail Hub,Raipur,Mall,Electronics,1415,325,488,107604,15064.56,91086.79,117288.36,226,3,1452.65,4.4,7153
13-04-2026,Central,ST-020,Raipur Retail Hub,Raipur,Mall,Home,1168,374,1122,77305.8,8503.64,62617.7,78851.92,664,4,6184.46,4.8,952
13-04-2026,Central,ST-020,Raipur Retail Hub,Raipur,Mall,Beauty,1559,296,592,17736.32,1418.91,15253.23,16849.5,167,9,1064.18,2.9,1251
13-04-2026,Central,ST-020,Raipur Retail Hub,Raipur,Mall,Sports,1950,468,468,27799.2,1389.96,25297.27,24463.3,420,6,1111.97,3.7,1550
20-04-2026,North,ST-001,Delhi Retail Hub,Delhi,High Street,Grocery,1859,799,1198,23504.76,4700.95,17628.57,23269.71,841,5,1175.24,3.5,2343
20-04-2026,North,ST-001,Delhi Retail Hub,Delhi,High Street,Apparel,1878,413,1239,57241.8,9731.11,44591.37,52662.46,344,6,2919.32,3.9,2642
20-04-2026,North,ST-001,Delhi Retail Hub,Delhi,High Street,Electronics,1475,339,678,158041.8,22125.85,133782.38,181748.07,328,7,2133.57,3.9,2941
20-04-2026,North,ST-001,Delhi Retail Hub,Delhi,High Street,Home,1260,403,403,29338.4,3227.22,23764.11,31685.47,850,0,2347.07,4.7,3240
20-04-2026,North,ST-001,Delhi Retail Hub,Delhi,High Street,Beauty,1651,314,785,24837.4,1986.99,21360.17,25085.77,353,1,1490.24,3.2,3539
20-04-2026,North,ST-001,Delhi Retail Hub,Delhi,High Street,Sports,2042,490,735,37191,1859.55,33843.81,34959.54,606,2,1487.64,3.6,3838
20-04-2026,North,ST-002,Jaipur Retail Hub,Jaipur,Neighborhood,Grocery,2262,588,588,11219.04,560.95,10545.9,9872.76,300,2,112.19,3.5,2590
20-04-2026,North,ST-002,Jaipur Retail Hub,Jaipur,Neighborhood,Apparel,2201,506,1265,56849.1,11369.82,37747.8,63102.5,553,3,7731.48,3.9,2889
20-04-2026,North,ST-002,Jaipur Retail Hub,Jaipur,Neighborhood,Electronics,775,186,279,63277.2,10757.12,47394.63,65808.29,443,4,5125.45,4.3,3188
20-04-2026,North,ST-002,Jaipur Retail Hub,Jaipur,Neighborhood,Home,1583,522,1566,110951.1,15533.15,90979.91,107622.57,309,5,4438.04,4.7,3487
20-04-2026,North,ST-002,Jaipur Retail Hub,Jaipur,Neighborhood,Beauty,1974,395,790,24332,2676.52,21168.84,21898.8,562,6,486.64,3.2,3786
20-04-2026,North,ST-002,Jaipur Retail Hub,Jaipur,Neighborhood,Sports,965,241,241,14713.05,1177.04,12211.84,16625.75,815,7,1324.17,3.2,4085
20-04-2026,North,ST-003,Lucknow Retail Hub,Lucknow,Outlet,Grocery,2666,720,2160,40046.4,3203.71,34439.91,42849.65,509,7,2402.78,3.1,2837
20-04-2026,North,ST-003,Lucknow Retail Hub,Lucknow,Outlet,Apparel,1124,270,540,23587.2,1179.36,20803.91,23587.2,762,0,1603.93,3.9,3136
20-04-2026,North,ST-003,Lucknow Retail Hub,Lucknow,Outlet,Electronics,985,246,246,54243,10848.6,41929.84,50445.99,146,1,1464.56,4.3,3435
20-04-2026,North,ST-003,Lucknow Retail Hub,Lucknow,Outlet,Home,1906,648,1620,111618,18975.06,82597.32,129476.88,518,2,10045.62,4.7,3734
20-04-2026,North,ST-003,Lucknow Retail Hub,Lucknow,Outlet,Beauty,2297,482,723,21661.08,3032.55,17112.25,23610.58,771,3,1516.28,3.2,4033
20-04-2026,North,ST-003,Lucknow Retail Hub,Lucknow,Outlet,Sports,1288,335,1005,59697,6566.67,50145.48,60890.94,274,4,2984.85,3.6,4332
20-04-2026,North,ST-004,Chandigarh Retail Hub,Chandigarh,Mall,Grocery,1320,370,925,16650,1831.5,14485.5,15984.0,718,4,333.0,3.5,3084
20-04-2026,North,ST-004,Chandigarh Retail Hub,Chandigarh,Mall,Apparel,1447,362,543,23034.06,1842.72,17667.12,20500.31,221,5,3524.22,3.9,3383
20-04-2026,North,ST-004,Chandigarh Retail Hub,Chandigarh,Mall,Electronics,1195,311,933,199848.6,9992.43,170970.48,223830.43,261,6,18885.69,4.3,3682
20-04-2026,North,ST-004,Chandigarh Retail Hub,Chandigarh,Mall,Home,2229,780,1560,104442,20888.4,78331.5,109664.1,727,7,5222.1,4.3,3981
20-04-2026,North,ST-004,Chandigarh Retail Hub,Chandigarh,Mall,Beauty,1220,268,268,7804.16,1326.71,6243.33,7648.08,230,0,234.12,3.2,4280
20-04-2026,North,ST-004,Chandigarh Retail Hub,Chandigarh,Mall,Sports,1611,435,1088,62832,8796.48,53407.2,57177.12,483,1,628.32,3.6,4579
20-04-2026,South,ST-005,Bengaluru Retail Hub,Bengaluru,High Street,Grocery,1724,500,1000,17460,2444.4,13793.4,20079.0,177,5,1222.2,3.5,3331
20-04-2026,South,ST-005,Bengaluru Retail Hub,Bengaluru,High Street,Apparel,1770,460,460,18933.6,2082.7,15241.54,20448.29,430,2,1609.36,3.9,3630
20-04-2026,South,ST-005,Bengaluru Retail Hub,Bengaluru,High Street,Electronics,1405,379,948,197089.2,15767.14,173339.94,199060.09,376,3,7982.12,4.3,3929
20-04-2026,South,ST-005,Bengaluru Retail Hub,Bengaluru,High Street,Home,1152,207,310,20150,1007.5,18941.0,18941.0,186,4,201.5,4.7,4228
20-04-2026,South,ST-005,Bengaluru Retail Hub,Bengaluru,High Street,Beauty,1543,355,1065,30118.2,6023.64,21685.1,35238.29,439,5,2409.46,3.2,4527
20-04-2026,South,ST-005,Bengaluru Retail Hub,Bengaluru,High Street,Sports,1934,542,1084,60812.4,10338.11,46825.55,66893.64,692,6,3648.74,3.6,4826
20-04-2026,South,ST-006,Chennai Retail Hub,Chennai,Neighborhood,Grocery,2128,638,957,16192.44,2752.71,12953.96,16840.14,386,6,485.77,3.5,3578
20-04-2026,South,ST-006,Chennai Retail Hub,Chennai,Neighborhood,Apparel,2093,565,1695,67630.5,9468.27,57012.52,65601.58,639,7,1149.71,3.5,3877
20-04-2026,South,ST-006,Chennai Retail Hub,Chennai,Neighborhood,Electronics,705,197,394,79430.4,8737.34,62114.58,71487.36,78,0,8578.48,4.3,4176
20-04-2026,South,ST-006,Chennai Retail Hub,Chennai,Neighborhood,Home,1475,280,280,17654,1412.32,15182.44,19949.02,395,1,1059.24,4.7,4475
20-04-2026,South,ST-006,Chennai Retail Hub,Chennai,Neighborhood,Beauty,1866,448,1120,30732.8,1536.64,27966.85,32576.77,648,2,1229.31,3.2,4774
20-04-2026,South,ST-006,Chennai Retail Hub,Chennai,Neighborhood,Sports,2257,655,982,53469.9,10693.98,41706.52,52935.2,151,7,1069.4,3.2,5073
20-04-2026,South,ST-007,Hyderabad Retail Hub,Hyderabad,Outlet,Grocery,2531,785,785,15966.9,3193.38,11496.17,14849.22,595,3,1277.35,3.5,3825
20-04-2026,South,ST-007,Hyderabad Retail Hub,Hyderabad,Outlet,Apparel,1016,284,710,27434.4,4663.85,19972.25,31823.9,848,4,2798.3,3.9,4124
20-04-2026,South,ST-007,Hyderabad Retail Hub,Hyderabad,Outlet,Electronics,915,265,398,77729.4,10882.12,62649.89,84725.05,193,5,4197.39,4.3,4423
20-04-2026,South,ST-007,Hyderabad Retail Hub,Hyderabad,Outlet,Home,1798,360,1080,65988,7258.68,57409.56,67307.76,604,6,1319.76,4.7,4722
20-04-2026,South,ST-007,Hyderabad Retail Hub,Hyderabad,Outlet,Beauty,2189,547,1094,29100.4,2328.03,24153.33,27645.38,857,7,2619.04,2.8,5021
20-04-2026,South,ST-007,Hyderabad Retail Hub,Hyderabad,Outlet,Sports,1180,354,354,18691.2,934.56,16448.26,16448.26,360,0,1308.38,3.6,5320
20-04-2026,South,ST-008,Kochi Retail Hub,Kochi,Mall,Grocery,1185,379,1137,22512.6,1125.63,20486.47,25214.11,804,0,900.5,3.5,4072
20-04-2026,South,ST-008,Kochi Retail Hub,Kochi,Mall,Apparel,1339,388,776,36177.12,7235.42,27711.68,37985.98,307,1,1230.02,3.9,4371
20-04-2026,South,ST-008,Kochi Retail Hub,Kochi,Mall,Electronics,1124,337,337,79262.4,13474.61,56157.4,77677.15,308,2,9630.39,4.3,4670
20-04-2026,South,ST-008,Kochi Retail Hub,Kochi,Mall,Home,2121,445,1112,81676.4,11434.7,64524.35,74325.52,813,3,5717.35,4.7,4969
20-04-2026,South,ST-008,Kochi Retail Hub,Kochi,Mall,Beauty,1112,289,434,11179.84,1229.78,9391.07,12745.02,316,4,558.99,3.2,5268
20-04-2026,South,ST-008,Kochi Retail Hub,Kochi,Mall,Sports,1503,466,1398,71507.7,5720.62,63641.85,76513.24,569,5,2145.23,3.6,5567
20-04-2026,East,ST-009,Kolkata Retail Hub,Kolkata,High Street,Grocery,1589,524,1310,25230.6,2018.45,20941.4,25482.91,263,5,2270.75,3.5,4319
20-04-2026,East,ST-009,Kolkata Retail Hub,Kolkata,High Street,Apparel,1662,499,748,33929.28,1696.46,28195.24,31893.52,516,6,4037.58,3.9,4618
20-04-2026,East,ST-009,Kolkata Retail Hub,Kolkata,High Street,Electronics,1334,414,1242,284293.8,56858.76,208245.21,332623.75,423,7,19189.83,3.9,4917
20-04-2026,East,ST-009,Kolkata Retail Hub,Kolkata,High Street,Home,1044,230,460,32890,5591.3,26312.0,36179.0,272,0,986.7,4.7,5216
20-04-2026,East,ST-009,Kolkata Retail Hub,Kolkata,High Street,Beauty,1435,387,387,12027.96,1683.91,10223.77,12388.8,525,1,120.28,3.2,5515
20-04-2026,East,ST-009,Kolkata Retail Hub,Kolkata,High Street,Sports,1826,584,1460,89936,9892.96,72848.16,86338.56,778,2,7194.88,3.6,5814
20-04-2026,East,ST-010,Bhubaneswar Retail Hub,Bhubaneswar,Neighborhood,Grocery,1992,677,1354,25346.88,2788.16,21291.38,22812.19,472,2,1267.34,3.5,4566
20-04-2026,East,ST-010,Bhubaneswar Retail Hub,Bhubaneswar,Neighborhood,Apparel,1985,615,615,27121.5,2169.72,23568.59,30647.3,725,3,1383.19,3.9,4865
20-04-2026,East,ST-010,Bhubaneswar Retail Hub,Bhubaneswar,Neighborhood,Electronics,634,89,222,49417.2,2470.86,46279.21,52382.23,125,4,667.13,4.3,5164
20-04-2026,East,ST-010,Bhubaneswar Retail Hub,Bhubaneswar,Neighborhood,Home,1367,314,471,32758.05,6551.61,23585.8,32430.47,481,5,2620.64,4.7,5463
20-04-2026,East,ST-010,Bhubaneswar Retail Hub,Bhubaneswar,Neighborhood,Beauty,1758,492,1476,44634.24,7587.82,34368.37,41063.5,734,6,2678.05,3.2,5762
20-04-2026,East,ST-010,Bhubaneswar Retail Hub,Bhubaneswar,Neighborhood,Sports,2149,709,1418,85009.1,11901.27,69707.47,97760.46,237,7,3400.36,3.2,6061
20-04-2026,East,ST-011,Guwahati Retail Hub,Guwahati,Outlet,Grocery,2396,839,1258,22870.44,3201.86,19439.88,24928.78,681,7,228.7,3.1,4813
20-04-2026,East,ST-011,Guwahati Retail Hub,Guwahati,Outlet,Apparel,908,291,873,37399.32,4113.93,28199.08,38147.31,184,0,5086.31,3.9,5112
20-04-2026,East,ST-011,Guwahati Retail Hub,Guwahati,Outlet,Electronics,844,127,254,54940.2,4395.22,46094.83,52193.19,240,1,4450.15,4.3,5411
20-04-2026,East,ST-011,Guwahati Retail Hub,Guwahati,Outlet,Home,1690,406,406,27445.6,1372.28,24975.5,24152.13,690,2,1097.82,4.7,5710
20-04-2026,East,ST-011,Guwahati Retail Hub,Guwahati,Outlet,Beauty,2081,603,1508,44335.2,8867.04,34581.46,49212.07,193,3,886.7,3.2,6009
20-04-2026,East,ST-011,Guwahati Retail Hub,Guwahati,Outlet,Sports,1072,364,546,31831.8,5411.41,23555.53,33105.07,446,4,2864.86,3.6,6308
20-04-2026,East,ST-012,Patna Retail Hub,Patna,Mall,Grocery,2800,1008,1008,17781.12,3022.79,13691.46,17425.5,140,8,1066.87,3.1,5060
20-04-2026,East,ST-012,Patna Retail Hub,Patna,Mall,Apparel,1231,406,1015,42203.7,5908.52,33425.32,38405.37,393,5,2869.86,3.9,5359
20-04-2026,East,ST-012,Patna Retail Hub,Patna,Mall,Electronics,1054,169,254,53340,5867.4,46032.42,60807.6,355,6,1440.18,4.3,5658
20-04-2026,East,ST-012,Patna Retail Hub,Patna,Mall,Home,2013,503,1509,99065.85,7925.27,82224.65,106000.46,149,11,8915.93,4.3,5957
20-04-2026,East,ST-012,Patna Retail Hub,Patna,Mall,Beauty,1004,301,602,17193.12,859.66,15129.94,17193.12,402,0,1203.52,3.2,6256
20-04-2026,East,ST-012,Patna Retail Hub,Patna,Mall,Sports,1395,488,488,27645.2,5529.04,20733.9,25710.04,655,1,1382.26,3.6,6555
20-04-2026,West,ST-013,Mumbai Retail Hub,Mumbai,High Street,Grocery,1454,538,1614,27599.4,5519.88,21527.53,32291.3,349,1,551.99,3.5,5307
20-04-2026,West,ST-013,Mumbai Retail Hub,Mumbai,High Street,Apparel,1554,528,1056,42577.92,7238.25,28825.25,46835.71,602,2,6514.42,3.9,5606
20-04-2026,West,ST-013,Mumbai Retail Hub,Mumbai,High Street,Electronics,1264,215,215,43795.5,6131.37,33525.45,45109.36,470,3,4138.68,4.3,5905
20-04-2026,West,ST-013,Mumbai Retail Hub,Mumbai,High Street,Home,936,243,608,38729.6,4260.26,32532.86,37180.42,358,4,1936.48,4.7,6204
20-04-2026,West,ST-013,Mumbai Retail Hub,Mumbai,High Street,Beauty,1327,411,616,17075.52,1366.04,15197.21,15197.21,611,5,512.27,3.2,6503
20-04-2026,West,ST-013,Mumbai Retail Hub,Mumbai,High Street,Sports,1718,309,927,50985,2549.25,47925.9,57103.2,864,6,509.85,3.6,6802
20-04-2026,West,ST-014,Pune Retail Hub,Pune,Neighborhood,Grocery,1858,706,1765,29228.4,1461.42,25720.99,30982.1,558,6,2045.99,3.5,5554
20-04-2026,West,ST-014,Pune Retail Hub,Pune,Neighborhood,Apparel,1877,657,986,38513.16,7702.63,27536.91,38128.03,811,7,3273.62,3.5,5853
20-04-2026,West,ST-014,Pune Retail Hub,Pune,Neighborhood,Electronics,1474,265,795,156933,26678.61,123898.6,144378.36,173,4,6355.79,4.3,6152
20-04-2026,West,ST-014,Pune Retail Hub,Pune,Neighborhood,Home,1259,340,680,41990,5878.6,35691.5,48288.5,567,1,419.9,4.7,6451
20-04-2026,West,ST-014,Pune Retail Hub,Pune,Neighborhood,Beauty,1650,528,528,14192.64,1561.19,11496.04,15328.05,820,2,1135.41,3.2,6750
20-04-2026,West,ST-014,Pune Retail Hub,Pune,Neighborhood,Sports,2041,388,970,51749.5,4139.96,44504.57,52267.0,323,3,3104.97,3.6,7049
20-04-2026,West,ST-015,Ahmedabad Retail Hub,Ahmedabad,Outlet,Grocery,2261,882,1764,35244.72,2819.58,31367.8,33482.48,767,3,1057.34,3.5,5801
20-04-2026,West,ST-015,Ahmedabad Retail Hub,Ahmedabad,Outlet,Apparel,2200,396,396,18627.84,931.39,17379.77,16392.5,270,4,316.68,3.9,6100
20-04-2026,West,ST-015,Ahmedabad Retail Hub,Ahmedabad,Outlet,Electronics,774,147,368,87326.4,17465.28,60429.87,96932.3,288,5,9431.25,4.3,6399
20-04-2026,West,ST-015,Ahmedabad Retail Hub,Ahmedabad,Outlet,Home,1582,443,664,39707.2,6750.22,30574.55,41295.49,776,6,2382.43,4.7,6698
20-04-2026,West,ST-015,Ahmedabad Retail Hub,Ahmedabad,Outlet,Beauty,1973,651,1953,50856.12,7119.86,41702.02,49330.44,279,7,2034.24,2.8,6997
20-04-2026,West,ST-015,Ahmedabad Retail Hub,Ahmedabad,Outlet,Sports,964,193,386,19956.2,2195.18,17361.9,17960.58,532,0,399.12,3.6,7296
20-04-2026,West,ST-016,Surat Retail Hub,Surat,Mall,Grocery,2665,1066,1599,31084.56,3419.3,25178.5,35436.4,226,0,2486.76,3.5,6048
20-04-2026,West,ST-016,Surat Retail Hub,Surat,Mall,Apparel,1123,213,639,29253.42,2340.27,23929.29,31301.16,479,1,2983.86,3.9,6347
20-04-2026,West,ST-016,Surat Retail Hub,Surat,Mall,Electronics,984,197,394,91014,4550.7,81548.54,91014.0,403,2,4914.76,4.3,6646
20-04-2026,West,ST-016,Surat Retail Hub,Surat,Mall,Home,1905,552,552,39826.8,7965.36,31064.9,37038.92,235,3,796.54,4.7,6945
20-04-2026,West,ST-016,Surat Retail Hub,Surat,Mall,Beauty,2296,781,1952,61214.72,10406.5,45298.9,71009.08,488,4,5509.32,3.2,7244
20-04-2026,West,ST-016,Surat Retail Hub,Surat,Mall,Sports,1287,270,405,25170.75,3523.9,19884.9,27436.12,741,5,1761.95,3.6,1043
20-04-2026,Central,ST-017,Bhopal Retail Hub,Bhopal,High Street,Grocery,1319,541,541,10224.9,1431.49,8384.41,10531.65,435,5,409.0,3.5,6295
20-04-2026,Central,ST-017,Bhopal Retail Hub,Bhopal,High Street,Apparel,1446,289,722,32143.44,3535.78,27514.78,30857.7,688,6,1092.88,3.9,6594
20-04-2026,Central,ST-017,Bhopal Retail Hub,Bhopal,High Street,Electronics,1194,251,376,84487.2,6758.98,67463.02,75193.61,105,11,10265.2,3.9,6893
20-04-2026,Central,ST-017,Bhopal Retail Hub,Bhopal,High Street,Home,2228,668,2004,140680.8,7034.04,123799.1,157562.5,444,0,9847.66,4.7,7192
20-04-2026,Central,ST-017,Bhopal Retail Hub,Bhopal,High Street,Beauty,1219,427,854,26064.08,5212.82,19548.06,27367.28,697,1,1303.2,3.2,991
20-04-2026,Central,ST-017,Bhopal Retail Hub,Bhopal,High Street,Sports,1610,354,354,21417,3640.89,17133.6,20988.66,200,2,642.51,3.6,1290
20-04-2026,Central,ST-018,Indore Retail Hub,Indore,Neighborhood,Grocery,1722,723,2169,39822.84,6769.88,29468.9,36637.01,644,2,3584.06,3.5,6542
20-04-2026,Central,ST-018,Indore Retail Hub,Indore,Neighborhood,Apparel,1769,371,742,32098.92,4493.85,23785.31,36913.76,147,7,3819.76,3.5,6841
20-04-2026,Central,ST-018,Indore Retail Hub,Indore,Neighborhood,Electronics,1404,309,309,67485.6,7423.42,55506.9,72884.45,220,4,4555.28,4.3,7140
20-04-2026,Central,ST-018,Indore Retail Hub,Indore,Neighborhood,Home,1151,357,892,60879,4870.32,54182.31,61487.79,653,5,1826.37,4.7,939
20-04-2026,Central,ST-018,Indore Retail Hub,Indore,Neighborhood,Beauty,1542,278,417,12376.56,618.83,11633.96,11633.97,156,10,123.77,2.8,1238
20-04-2026,Central,ST-018,Indore Retail Hub,Indore,Neighborhood,Sports,1933,445,1335,78564.75,15712.95,56566.62,91920.76,409,7,6285.18,3.2,1537
20-04-2026,Central,ST-019,Nagpur Retail Hub,Nagpur,Outlet,Grocery,2126,914,2285,40718.7,8143.74,30539.02,45197.76,853,7,2035.94,3.1,6789
20-04-2026,Central,ST-019,Nagpur Retail Hub,Nagpur,Outlet,Apparel,2092,460,690,28980,4926.6,22575.42,30139.2,356,0,1477.98,3.9,7088
20-04-2026,Central,ST-019,Nagpur Retail Hub,Nagpur,Outlet,Electronics,704,162,486,103080.6,14431.28,87257.73,99988.18,335,1,1391.59,4.3,7387
20-04-2026,Central,ST-019,Nagpur Retail Hub,Nagpur,Outlet,Home,1474,472,944,62587.2,6884.59,50695.63,56328.48,862,2,5006.98,4.7,1186
20-04-2026,Central,ST-019,Nagpur Retail Hub,Nagpur,Outlet,Beauty,1865,354,354,10209.36,816.75,8780.05,11536.58,365,3,612.56,3.2,1485
20-04-2026,Central,ST-019,Nagpur Retail Hub,Nagpur,Outlet,Sports,2256,541,1352,77334.4,3866.72,70374.3,81974.46,618,4,3093.38,3.6,1784
20-04-2026,Central,ST-020,Raipur Retail Hub,Raipur,Mall,Grocery,2530,658,1316,22740.48,1137.02,21376.06,22740.48,312,4,227.4,3.5,7036
20-04-2026,Central,ST-020,Raipur Retail Hub,Raipur,Mall,Apparel,1015,233,233,9492.42,1898.48,6302.98,8827.95,565,5,1290.96,3.9,7335
20-04-2026,Central,ST-020,Raipur Retail Hub,Raipur,Mall,Electronics,914,219,548,112778.4,19172.33,84471.03,130822.94,450,6,9135.04,4.3,1134
20-04-2026,Central,ST-020,Raipur Retail Hub,Raipur,Mall,Home,1797,593,890,57271.5,8018.01,46962.63,62425.94,321,7,2290.86,4.3,1433
20-04-2026,Central,ST-020,Raipur Retail Hub,Raipur,Mall,Beauty,2188,438,1314,36792,4047.12,32009.04,37527.84,574,0,735.84,3.2,1732
20-04-2026,Central,ST-020,Raipur Retail Hub,Raipur,Mall,Sports,1179,295,590,32774.5,2621.96,27202.84,31135.78,827,1,2949.7,3.6,2031
